Create database cricketinsights 

USE cricketinsights 

CREATE TABLE Players (
    player_id INT PRIMARY KEY,
    player_name VARCHAR(100),
    date_of_birth DATE,
    country VARCHAR(50),
    batting_style VARCHAR(50),
    bowling_style VARCHAR(50)
);

INSERT INTO Players (player_id, player_name, date_of_birth, country, batting_style, bowling_style)
VALUES
	(1, 'Sachin Tendulkar', '1973-04-24', 'India', 'Right-handed', 'Right-arm medium leg break'),
    (2, 'Sir Donald Bradman', '1908-08-27', 'Australia', 'Right-handed', 'Right-arm leg break googly'),
    (3, 'Brian Lara', '1969-05-02', 'West Indies', 'Left-handed', 'Right-arm leg break'),
    (4, 'Wasim Akram', '1966-06-03', 'Pakistan', 'Left-handed', 'Left-arm fast'),
	(5, 'Jacques Kallis', '1975-10-16', 'South Africa', 'Right-handed', 'Right-arm fast-medium, right-arm medium'),
	(6, 'Ricky Ponting', '1974-12-19', 'Australia', 'Right-handed', 'Right-arm medium'),
	(7, 'Imran Khan', '1952-10-05', 'Pakistan', 'Right-handed', 'Right-arm fast'),
	(8, 'Muttiah Muralitharan', '1972-04-17', 'Sri Lanka', 'Right-handed', 'Right-arm off-break'),
	(9, 'Shane Warne', '1969-09-13', 'Australia', 'Right-handed', 'Right-arm leg spin'),
	(10, 'Virat Kohli', '1988-11-05', 'India', 'Right-handed', 'Right-arm medium'),
	(11, 'Sunil Gavaskar', '1949-07-10', 'India', 'Right-handed', 'Right-arm medium'),
	(12, 'Allan Border', '1955-07-27', 'Australia', 'Left-handed', 'Slow left-arm orthodox'),
	(13, 'Kapil Dev', '1959-01-06', 'India', 'Right-handed', 'Right-arm fast-medium'),
	(14, 'Babar Azam', '1994-10-15', 'Pakistan', 'Right-handed', 'Right-arm off-break'),
	(15, 'Kane Williamson', '1990-08-08', 'New Zealand', 'Right-handed', 'Right-arm off-break'),
	(16, 'Mahela Jayawardene', '1977-05-27', 'Sri Lanka', 'Right-handed', 'Right-arm medium'),
	(17, 'Adam Gilchrist', '1971-11-14', 'Australia', 'Left-handed', 'Wicketkeeper'),
	(18, 'Vivian Richards', '1952-03-07', 'West Indies', 'Right-handed', 'Right-arm off-break'),
	(19, 'Anil Kumble', '1970-10-17', 'India', 'Right-handed', 'Right-arm leg spin'),
	(20, 'Saeed Anwar', '1968-09-06', 'Pakistan', 'Left-handed', 'Slow left-arm orthodox'),
	(21, 'Inzamam-ul-Haq', '1970-03-03', 'Pakistan', 'Right-handed', 'Right-arm leg spin'),
	(22, 'Sourav Ganguly', '1972-07-08', 'India', 'Left-handed', 'Right-arm medium'),
	(23, 'Rahul Dravid', '1973-01-11', 'India', 'Right-handed', 'Right-arm off-break'),
	(24, 'Martin Crowe', '1962-09-22', 'New Zealand', 'Right-handed', 'Right-arm medium'),
	(25, 'Dennis Lillee', '1949-07-18', 'Australia', 'Right-handed', 'Right-arm fast'),
	(26, 'Shaun Pollock', '1973-07-16', 'South Africa', 'Right-handed', 'Right-arm fast-medium'),
	(27, 'Javed Miandad', '1957-06-12', 'Pakistan', 'Right-handed', 'Right-arm leg spin'),
	(28, 'Graeme Smith', '1981-02-01', 'South Africa', 'Left-handed', 'Right-arm off-break'),
	(29, 'MS Dhoni', '1981-07-07', 'India', 'Right-handed', 'Right-arm medium'),
	(30, 'Ian Botham', '1955-11-24', 'England', 'Left-handed', 'Right-arm fast-medium'),
	(31, 'Sanath Teran Jayasuriya', '1969-06-30', 'Sri Lanka', 'Left-handed', 'Slow left-arm orthodox'),
	(32, 'Ricky Thomas Ponting', '1974-12-19', 'Australia', 'Right-handed', 'Right-arm medium'),
	(33, 'Sachin Tendulkar', '1973-04-24', 'India', 'Right-handed', 'Right-arm medium, leg break'),
	(34, 'Inzamam-ul-Haq', '1970-03-03', 'Pakistan', 'Right-handed', 'Right-arm leg spin'),
	(35, 'Virender Sehwag', '1978-10-20', 'India', 'Right-handed', 'Right-arm off-break'),
	(36, 'Mark Edward Waugh', '1965-06-02', 'Australia', 'Right-handed', 'Right-arm medium'),
	(37, 'Glenn Donald McGrath', '1970-02-09', 'Australia', 'Left-handed', 'Right-arm fast-medium'),
	(38, 'Sir Garfield St Aubrun Sobers', '1936-07-28', 'West Indies', 'Left-handed', 'Left-arm orthodox'),
	(39, 'Kane Williamson', '1990-08-08', 'New Zealand', 'Right-handed', 'Right-arm off-break'),
	(40, 'Jason Roy', '1990-07-21', 'England', 'Right-handed', 'Right-arm medium'),
	(41, 'Rohit Sharma', '1987-04-30', 'India', 'Right-handed', 'Right-arm off-break'),
	(42, 'David Warner', '1986-10-27', 'Australia', 'Left-handed', 'Legbreak'),
	(43, 'Shakib Al Hasan', '1987-03-24', 'Bangladesh', 'Left-handed', 'Slow left-arm orthodox'),
	(44, 'Joe Root', '1990-12-30', 'England', 'Right-handed', 'Right-arm off-break'),
	(45, 'Kane Williamson', '1990-08-08', 'New Zealand', 'Right-handed', 'Right-arm off-break'),
	(46, 'Aaron Finch', '1986-11-17', 'Australia', 'Right-handed', 'Slow left-arm orthodox'),
	(47, 'Kane Williamson', '1990-08-08', 'New Zealand', 'Right-handed', 'Right-arm off-break'),
	(48, 'Rohit Sharma', '1987-04-30', 'India', 'Right-handed', 'Right-arm off-break'),
	(49, 'Rohit Sharma', '1987-04-30', 'India', 'Right-handed', 'Right-arm off-break'),
	(50, 'Jonny Bairstow', '1989-09-26', 'England', 'Right-handed', 'Wicketkeeper'),
	(51, 'Aaron Finch', '1986-11-17', 'Australia', 'Right-handed', 'Slow left-arm orthodox'),
	(52, 'Virat Kohli', '1988-11-05', 'India', 'Right-handed', 'Right-arm medium'),
	(53, 'David Warner', '1986-10-27', 'Australia', 'Left-handed', 'Legbreak'),
	(54, 'Jason Roy', '1990-07-21', 'England', 'Right-handed', 'Right-arm medium'),
	(55, 'Joe Root', '1990-12-30', 'England', 'Right-handed', 'Right-arm off-break'),
	(56, 'David Warner', '1986-10-27', 'Australia', 'Left-handed', 'Legbreak'),
	(57, 'Rohit Sharma', '1987-04-30', 'India', 'Right-handed', 'Right-arm off-break'),
	(58, 'Joe Root', '1990-12-30', 'England', 'Right-handed', 'Right-arm off-break'),
	(59, 'Kane Williamson', '1990-08-08', 'New Zealand', 'Right-handed', 'Right-arm off-break'),
	(60, 'Jason Roy', '1990-07-21', 'England', 'Right-handed', 'Right-arm medium'),
	(61, 'Chris Gayle', '1979-09-21', 'West Indies', 'Left-handed', 'Slow left-arm orthodox'),
	(62, 'Shakib Al Hasan', '1987-03-24', 'Bangladesh', 'Left-handed', 'Slow left-arm orthodox'),
	(63, 'Kane Williamson', '1990-08-08', 'New Zealand', 'Right-handed', 'Right-arm off-break'),
	(64, 'Jonny Bairstow', '1989-09-26', 'England', 'Right-handed', 'Wicketkeeper'),
	(65, 'Rohit Sharma', '1987-04-30', 'India', 'Right-handed', 'Right-arm off-break'),
	(66, 'David Warner', '1986-10-27', 'Australia', 'Left-handed', 'Legbreak'),
	(67, 'Joe Root', '1990-12-30', 'England', 'Right-handed', 'Right-arm off-break'),
	(68, 'Virat Kohli', '1988-11-05', 'India', 'Right-handed', 'Right-arm medium'),
	(69, 'Jason Roy', '1990-07-21', 'England', 'Right-handed', 'Right-arm medium'),
	(70, 'Aaron Finch', '1986-11-17', 'Australia', 'Right-handed', 'Slow left-arm orthodox'),
	(71, 'Quinton de Kock', '1992-12-17', 'South Africa', 'Left-handed', 'Wicketkeeper'),
	(72, 'Fakhar Zaman', '1990-04-10', 'Pakistan', 'Left-handed', 'Slow left-arm orthodox'),
	(73, 'Hashim Amla', '1983-03-31', 'South Africa', 'Right-handed', 'Right-arm medium'),
	(74, 'Martin Guptill', '1986-09-30', 'New Zealand', 'Right-handed', 'Right-arm off-break'),
	(75, 'Shikhar Dhawan', '1985-12-05', 'India', 'Left-handed', 'Right-arm off-break'),
	(76, 'Babar Azam', '1994-10-15', 'Pakistan', 'Right-handed', 'Right-arm off-break'),
	(77, 'Ross Taylor', '1984-03-08', 'New Zealand', 'Right-handed', 'Right-arm off-break'),
	(78, 'Jos Buttler', '1990-09-08', 'England', 'Right-handed', 'Wicketkeeper'),
	(79, 'Steve Smith', '1989-06-02', 'Australia', 'Right-handed', 'Legbreak googly'),
	(80, 'Angelo Mathews', '1987-06-02', 'Sri Lanka', 'Right-handed', 'Right-arm fast-medium'),
	(81, 'Mohammad Hafeez', '1980-10-17', 'Pakistan', 'Right-handed', 'Right-arm off-break'),
	(82, 'Shimron Hetmyer', '1996-12-26', 'West Indies', 'Left-handed', 'Slow left-arm orthodox'),
	(83, 'Rashid Khan', '1998-09-20', 'Afghanistan', 'Right-handed', 'Legbreak googly'),
	(84, 'Faf du Plessis', '1984-07-13', 'South Africa', 'Right-handed', 'Right-arm leg spin'),
	(85, 'Sarfaraz Ahmed', '1987-05-22', 'Pakistan', 'Right-handed', 'Right-arm off-break'),
	(86, 'Tamim Iqbal', '1989-03-20', 'Bangladesh', 'Left-handed', 'Right-arm medium'),
	(87, 'Kusal Perera', '1990-08-17', 'Sri Lanka', 'Left-handed', 'Right-arm medium'),
	(88, 'MS Dhoni', '1981-07-07', 'India', 'Right-handed', 'Right-arm medium'),
	(89, 'Hardik Pandya', '1993-10-11', 'India', 'Right-handed', 'Right-arm fast-medium'),
	(90, 'Tom Latham', '1992-04-02', 'New Zealand', 'Left-handed', 'Wicketkeeper'),
	(91, 'Mushfiqur Rahim', '1987-05-09', 'Bangladesh', 'Right-handed', 'Wicketkeeper'),
	(92, 'Chris Morris', '1987-04-30', 'South Africa', 'Right-handed', 'Right-arm fast-medium'),
	(93, 'Ben Stokes', '1991-06-04', 'England', 'Left-handed', 'Right-arm fast-medium'),
	(94, 'Imad Wasim', '1988-12-18', 'Pakistan', 'Left-handed', 'Slow left-arm orthodox'),
	(95, 'Mitchell Starc', '1990-01-30', 'Australia', 'Left-handed', 'Left-arm fast'),
	(96, 'Mustafizur Rahman', '1995-09-06', 'Bangladesh', 'Left-handed', 'Left-arm fast-medium'),
	(97, 'Mohammad Nabi', '1985-01-01', 'Afghanistan', 'Right-handed', 'Right-arm off-break'),
	(98, 'Dhananjaya de Silva', '1991-09-06', 'Sri Lanka', 'Right-handed', 'Right-arm off-break'),
	(99, 'Shai Hope', '1993-11-10', 'West Indies', 'Right-handed', 'Wicketkeeper'),
	(100, 'Chris Woakes', '1989-03-02', 'England', 'Right-handed', 'Right-arm fast-medium'),
	(101, 'Colin de Grandhomme', '1986-07-22', 'New Zealand', 'Right-handed', 'Right-arm medium-fast'),
	(102, 'Alex Carey', '1991-08-27', 'Australia', 'Left-handed', 'Wicketkeeper'),
	(103, 'Eoin Morgan', '1986-09-10', 'England', 'Left-handed', 'Right-arm medium'),
	(104, 'Kusal Mendis', '1995-02-02', 'Sri Lanka', 'Right-handed', 'Right-arm leg spin'),
	(105, 'Dimuth Karunaratne', '1988-04-21', 'Sri Lanka', 'Left-handed', 'Right-arm medium'),
	(106, 'Kedar Jadhav', '1985-03-26', 'India', 'Right-handed', 'Right-arm off-break'),
	(107, 'Mohammad Shahzad', '1987-01-31', 'Afghanistan', 'Right-handed', 'Right-arm medium'),
	(108, 'Jos Buttler', '1990-09-08', 'England', 'Right-handed', 'Wicketkeeper'),
	(109, 'Sikandar Raza', '1986-04-24', 'Zimbabwe', 'Right-handed', 'Right-arm off-break'),
	(110, 'Shaheen Afridi', '2000-04-06', 'Pakistan', 'Left-handed', 'Right-arm fast-medium'),
	(111, 'Sheldon Cottrell', '1989-08-19', 'West Indies', 'Left-handed', 'Left-arm fast-medium'),
	(112, 'Kagiso Rabada', '1995-05-25', 'South Africa', 'Left-handed', 'Right-arm fast'),
	(113, 'Moeen Ali', '1987-06-18', 'England', 'Left-handed', 'Right-arm off-break'),
	(114, 'Mohammad Amir', '1992-04-13', 'Pakistan', 'Left-handed', 'Left-arm fast'),
	(115, 'Jason Holder', '1991-11-05', 'West Indies', 'Right-handed', 'Right-arm fast-medium'),
	(116, 'Dale Steyn', '1983-06-27', 'South Africa', 'Right-handed', 'Right-arm fast'),
	(117, 'Chris Gayle', '1979-09-21', 'West Indies', 'Left-handed', 'Slow left-arm orthodox'),
	(118, 'Kusal Perera', '1990-08-17', 'Sri Lanka', 'Left-handed', 'Right-arm medium'),
	(119, 'Shai Hope', '1993-11-10', 'West Indies', 'Right-handed', 'Wicketkeeper'),
	(120, 'Shimron Hetmyer', '1996-12-26', 'West Indies', 'Left-handed', 'Slow left-arm orthodox'),
	(121, 'Angelo Mathews', '1987-06-02', 'Sri Lanka', 'Right-handed', 'Right-arm fast-medium'),
	(122, 'Nicholas Pooran', '1995-10-02', 'West Indies', 'Left-handed', 'Wicketkeeper'),
	(123, 'Ben Stokes', '1991-06-04', 'England', 'Left-handed', 'Right-arm fast-medium'),
	(124, 'Hashim Amla', '1983-03-31', 'South Africa', 'Right-handed', 'Right-arm medium'),
	(125, 'Mohammad Nabi', '1985-01-01', 'Afghanistan', 'Right-handed', 'Right-arm off-break'),
	(126, 'Shakib Al Hasan', '1987-03-24', 'Bangladesh', 'Left-handed', 'Slow left-arm orthodox'),
	(127, 'Hardik Pandya', '1993-10-11', 'India', 'Right-handed', 'Right-arm fast-medium'),
	(128, 'Colin de Grandhomme', '1986-07-22', 'New Zealand', 'Right-handed', 'Right-arm medium-fast'),
	(129, 'Ravindra Jadeja', '1988-12-06', 'India', 'Left-handed', 'Slow left-arm orthodox'),
	(130, 'Mitchell Starc', '1990-01-30', 'Australia', 'Left-handed', 'Left-arm fast'),
	(131, 'Trent Boult', '1989-07-22', 'New Zealand', 'Right-handed', 'Left-arm fast-medium'),
	(132, 'Pat Cummins', '1993-05-08', 'Australia', 'Right-handed', 'Right-arm fast'),
	(133, 'Imran Tahir', '1979-03-27', 'South Africa', 'Right-handed', 'Legbreak googly'),
	(134, 'Yuzvendra Chahal', '1990-07-23', 'India', 'Right-handed', 'Legbreak'),
	(135, 'Adil Rashid', '1988-02-17', 'England', 'Right-handed', 'Legbreak googly'),
	(136, 'Jasprit Bumrah', '1993-12-06', 'India', 'Right-handed', 'Right-arm fast-medium'),
	(137, 'Rashid Khan', '1998-09-20', 'Afghanistan', 'Right-handed', 'Legbreak googly'),
	(138, 'Kuldeep Yadav', '1994-12-14', 'India', 'Left-handed', 'Chinaman'),
	(139, 'Liam Plunkett', '1985-04-06', 'England', 'Right-handed', 'Right-arm fast-medium'),
	(140, 'Shadab Khan', '1998-10-04', 'Pakistan', 'Right-handed', 'Legbreak googly'),
	(141, 'Mujeeb Ur Rahman', '2001-03-28', 'Afghanistan', 'Right-handed', 'Right-arm off-break'),
	(142, 'Mark Wood', '1990-01-11', 'England', 'Right-handed', 'Right-arm fast'),
	(143, 'Lockie Ferguson', '1991-06-13', 'New Zealand', 'Right-handed', 'Right-arm fast'),
	(144, 'Mohammad Shami', '1990-09-03', 'India', 'Right-handed', 'Right-arm fast-medium'),
	(145, 'Jofra Archer', '1995-04-01', 'England', 'Right-handed', 'Right-arm fast'),
	(146, 'Oshane Thomas', '1997-02-18', 'West Indies', 'Right-handed', 'Right-arm fast'),
	(147, 'Shaheen Afridi', '2000-04-06', 'Pakistan', 'Left-handed', 'Left-arm fast-medium'),
	(148, 'Nuwan Pradeep', '1986-10-19', 'Sri Lanka', 'Right-handed', 'Right-arm fast-medium'),
	(149, 'Lasith Malinga', '1983-08-28', 'Sri Lanka', 'Right-handed', 'Right-arm fast'),
	(150, 'Mohammad Amir', '1992-04-13', 'Pakistan', 'Left-handed', 'Left-arm fast'),
	(151, 'Kagiso Rabada', '1995-05-25', 'South Africa', 'Left-handed', 'Right-arm fast'),
	(152, 'Mitchell Starc', '1990-01-30', 'Australia', 'Left-handed', 'Left-arm fast'),
	(153, 'Jasprit Bumrah', '1993-12-06', 'India', 'Right-handed', 'Right-arm fast-medium'),
	(154, 'Trent Boult', '1989-07-22', 'New Zealand', 'Right-handed', 'Left-arm fast-medium');

select * from players

CREATE TABLE PlayerBattingStats (
    player_id INT,
    year INT,
    matches_played INT,
    runs_scored INT,
    balls_faced INT,
    batting_strike_rate FLOAT,
    PRIMARY KEY (player_id, year),
    FOREIGN KEY (player_id) REFERENCES Players(player_id)
);

INSERT INTO PlayerBattingStats (player_id, year, matches_played, runs_scored, balls_faced, batting_strike_rate)
VALUES
(1, 2016, 16, 396, 498, 186.8),
(2, 2009, 11, 704, 486, 123.4),
(3, 2011, 17, 879, 420, 184.8),
(4, 2011, 7, 602, 352, 114.7),
(5, 2013, 8, 249, 298, 170.7),
(6, 2014, 13, 178, 209, 117.4),
(7, 2017, 14, 542, 452, 199.6),
(8, 2002, 6, 746, 398, 90.5),
(9, 2015, 10, 900, 361, 134.6),
(10, 2000, 5, 542, 268, 93.9),
(11, 2009, 19, 777, 316, 172.3),
(12, 2018, 14, 644, 343, 87.8),
(13, 2019, 19, 514, 449, 178.5),
(14, 2012, 17, 480, 492, 163.2),
(15, 2006, 19, 421, 367, 93.6),
(16, 2014, 14, 805, 321, 128.1),
(17, 2000, 10, 611, 294, 151.2),
(18, 2015, 18, 853, 318, 106.6),
(19, 2009, 18, 990, 477, 86.5),
(20, 2014, 8, 563, 212, 78.1),
(21, 2002, 6, 876, 425, 71.9),
(22, 2009, 8, 710, 377, 124.3),
(23, 2009, 14, 794, 224, 196.2),
(24, 2004, 13, 609, 415, 149.8),
(25, 2003, 6, 874, 402, 70.5),
(26, 2009, 6, 779, 412, 142.6),
(27, 2005, 7, 997, 440, 115.4),
(28, 2000, 8, 644, 376, 168.7),
(29, 2000, 11, 349, 201, 167.2),
(30, 2008, 19, 426, 410, 194.5),
(31, 2018, 6, 514, 476, 183.3),
(32, 2002, 15, 954, 477, 60.2),
(33, 2015, 12, 844, 311, 181.3),
(34, 2023, 10, 942, 400, 67.3),
(35, 2013, 17, 926, 419, 152.8),
(36, 2014, 14, 917, 200, 177.7),
(37, 2019, 15, 606, 488, 183.9),
(38, 2005, 17, 407, 314, 163.9),
(39, 2018, 7, 909, 478, 194.8),
(40, 2023, 5, 348, 462, 166.8),
(41, 2014, 16, 908, 242, 80.8),
(42, 2003, 10, 700, 436, 134.7),
(43, 2009, 14, 186, 317, 165.9),
(44, 2001, 5, 819, 477, 168.6),
(45, 2017, 19, 749, 429, 174.2),
(46, 2008, 5, 509, 483, 68.5),
(47, 2020, 5, 304, 342, 122.1),
(48, 2020, 16, 662, 270, 75.1),
(49, 2003, 7, 706, 229, 133.9),
(50, 2014, 5, 871, 431, 59.9),
(51, 2017, 20, 980, 231, 99.1),
(52, 2010, 14, 290, 240, 151.0),
(53, 2001, 20, 434, 221, 78.6),
(54, 2010, 19, 220, 376, 167.9),
(55, 2017, 9, 761, 294, 96.9),
(56, 2011, 7, 489, 285, 147.9),
(57, 2013, 6, 617, 233, 191.7),
(58, 2003, 15, 957, 236, 56.7),
(59, 2012, 19, 421, 326, 87.8),
(60, 2008, 6, 239, 462, 186.8),
(61, 2017, 18, 947, 226, 119.8),
(62, 2020, 17, 848, 342, 186.7),
(63, 2002, 5, 644, 456, 171.3),
(64, 2005, 5, 545, 356, 81.1),
(65, 2019, 9, 602, 208, 146.2),
(66, 2021, 12, 572, 408, 133.6),
(67, 2004, 13, 953, 453, 98.7),
(68, 2015, 20, 703, 410, 75.9),
(69, 2021, 13, 244, 363, 151.6),
(70, 2017, 8, 891, 422, 85.0),
(71, 2022, 17, 806, 310, 176.4),
(72, 2012, 9, 120, 497, 97.0),
(73, 2008, 8, 152, 270, 81.1),
(74, 2010, 8, 541, 442, 105.2),
(75, 2015, 16, 796, 448, 103.4),
(76, 2023, 7, 181, 445, 60.0),
(77, 2003, 18, 736, 266, 157.3),
(78, 2018, 19, 110, 299, 53.0),
(79, 2019, 9, 367, 377, 132.9),
(80, 2023, 20, 127, 221, 83.3),
(81, 2005, 18, 375, 418, 116.0),
(82, 2005, 6, 540, 215, 136.9),
(83, 2008, 5, 360, 337, 127.0),
(84, 2015, 5, 218, 248, 198.0),
(85, 2007, 6, 478, 361, 184.3),
(86, 2014, 12, 946, 412, 199.7),
(87, 2010, 9, 979, 437, 116.0),
(88, 2021, 11, 542, 205, 134.6),
(89, 2022, 14, 193, 371, 84.4),
(90, 2007, 17, 707, 310, 92.6),
(91, 2003, 13, 659, 229, 68.2),
(92, 2016, 15, 266, 263, 64.8),
(93, 2018, 13, 947, 272, 56.6),
(94, 2019, 13, 486, 293, 174.6),
(95, 2005, 13, 400, 396, 162.4),
(96, 2005, 15, 917, 277, 119.9),
(97, 2023, 7, 569, 481, 175.6),
(98, 2012, 6, 731, 495, 181.1),
(99, 2013, 6, 740, 292, 68.8),
(100, 2022, 11, 448, 469, 90.1),
(101, 2001, 6, 278, 380, 71.6),
(102, 2021, 16, 263, 211, 69.7),
(103, 2010, 20, 632, 318, 181.4),
(104, 2010, 13, 145, 375, 154.7),
(105, 2016, 5, 704, 411, 90.8),
(106, 2022, 13, 642, 460, 100.4),
(107, 2012, 5, 266, 347, 136.1),
(108, 2003, 6, 271, 330, 194.7),
(109, 2022, 7, 101, 346, 196.3),
(110, 2001, 18, 111, 362, 58.8),
(111, 2014, 15, 886, 475, 64.7),
(112, 2007, 11, 606, 425, 175.3),
(113, 2002, 8, 442, 265, 156.0),
(114, 2000, 10, 911, 397, 59.5),
(115, 2019, 13, 974, 241, 108.2),
(116, 2013, 18, 672, 368, 147.0),
(117, 2006, 6, 598, 242, 196.7),
(118, 2000, 16, 687, 346, 86.2),
(119, 2009, 15, 394, 251, 112.4),
(120, 2008, 9, 378, 214, 138.4),
(121, 2013, 14, 460, 377, 171.4),
(122, 2013, 8, 755, 474, 172.9),
(123, 2011, 16, 353, 274, 114.7),
(124, 2022, 9, 118, 372, 199.3),
(125, 2010, 11, 533, 408, 154.5),
(126, 2005, 15, 856, 361, 196.8),
(127, 2003, 20, 472, 350, 51.8),
(128, 2018, 14, 900, 411, 104.7),
(129, 2005, 13, 769, 321, 122.5),
(130, 2013, 16, 930, 278, 162.9),
(131, 2021, 14, 960, 283, 50.1),
(132, 2003, 19, 377, 319, 116.0),
(133, 2018, 20, 131, 348, 127.4),
(134, 2003, 15, 528, 333, 128.7),
(135, 2002, 9, 729, 441, 186.8),
(136, 2003, 20, 781, 392, 78.9),
(137, 2002, 15, 750, 434, 193.5),
(138, 2022, 16, 583, 212, 129.7),
(139, 2014, 15, 890, 384, 190.4),
(140, 2009, 17, 599, 293, 147.6),
(141, 2011, 8, 686, 404, 108.5),
(142, 2010, 18, 986, 428, 177.0),
(143, 2014, 6, 919, 292, 101.4),
(144, 2018, 9, 852, 500, 86.3),
(145, 2018, 14, 476, 486, 75.1),
(146, 2003, 10, 515, 396, 72.4),
(147, 2001, 17, 827, 429, 159.5),
(148, 2012, 10, 600, 349, 58.1),
(149, 2003, 7, 950, 345, 184.1),
(150, 2017, 19, 725, 293, 191.7),
(151, 2023, 18, 655, 380, 114.3),
(152, 2008, 15, 888, 245, 125.0),
(153, 2018, 16, 772, 248, 149.1),
(154, 2012, 12, 454, 382, 115.5),
(1, 2010, 19, 677, 352, 55.2),
(2, 2002, 17, 142, 383, 76.0),
(3, 2004, 15, 587, 470, 61.1),
(4, 2018, 16, 789, 245, 77.9),
(5, 2003, 15, 285, 499, 59.4),
(6, 2015, 19, 378, 384, 135.3),
(7, 2004, 14, 994, 412, 125.1),
(8, 2015, 10, 636, 376, 75.2),
(9, 2022, 20, 148, 399, 155.9),
(10, 2009, 17, 973, 299, 108.3),
(11, 2007, 16, 265, 241, 144.6),
(12, 2023, 18, 928, 232, 86.4),
(13, 2013, 15, 957, 339, 165.0),
(14, 2017, 19, 348, 484, 180.1),
(15, 2012, 7, 198, 336, 82.8),
(16, 2016, 13, 931, 495, 180.4),
(17, 2009, 7, 222, 500, 94.4),
(18, 2014, 8, 219, 203, 166.3),
(19, 2021, 10, 426, 225, 50.5),
(20, 2005, 17, 723, 223, 108.6),
(21, 2008, 16, 158, 260, 104.1),
(22, 2017, 8, 695, 320, 135.5),
(23, 2007, 15, 305, 402, 123.3),
(24, 2018, 8, 477, 316, 105.5),
(25, 2009, 18, 261, 288, 188.5),
(26, 2023, 10, 354, 367, 86.1),
(27, 2008, 17, 120, 446, 116.0),
(28, 2013, 18, 215, 265, 143.4),
(29, 2012, 9, 966, 444, 94.5),
(30, 2023, 16, 348, 252, 126.5),
(31, 2002, 13, 987, 467, 147.5),
(32, 2006, 9, 461, 445, 192.7),
(33, 2009, 9, 352, 338, 140.6),
(34, 2003, 20, 556, 493, 187.4),
(35, 2004, 12, 612, 276, 188.0),
(36, 2023, 17, 561, 254, 74.0),
(37, 2020, 11, 603, 449, 144.3),
(38, 2001, 17, 875, 282, 176.2),
(39, 2020, 16, 617, 208, 68.1),
(40, 2018, 18, 436, 252, 87.2),
(41, 2001, 15, 344, 229, 113.1),
(42, 2015, 12, 468, 351, 163.3),
(43, 2015, 20, 546, 383, 72.3),
(44, 2016, 11, 376, 329, 71.3),
(45, 2014, 17, 814, 414, 150.6),
(46, 2010, 20, 570, 245, 134.1),
(47, 2002, 16, 158, 452, 186.9),
(48, 2019, 5, 657, 219, 170.7),
(49, 2004, 16, 264, 434, 137.2),
(50, 2011, 7, 655, 380, 137.3),
(51, 2023, 7, 456, 298, 103.9),
(52, 2013, 10, 561, 232, 99.4),
(53, 2023, 17, 107, 334, 88.8),
(54, 2012, 19, 896, 289, 92.8),
(55, 2001, 19, 671, 298, 107.1),
(56, 2022, 10, 411, 444, 158.5),
(57, 2021, 11, 321, 435, 91.7),
(58, 2019, 18, 659, 490, 189.5),
(59, 2006, 6, 806, 207, 101.1),
(60, 2016, 17, 742, 285, 194.9),
(61, 2018, 14, 908, 299, 50.2),
(62, 2000, 13, 610, 349, 80.5),
(63, 2021, 17, 681, 464, 91.8),
(64, 2003, 19, 642, 245, 66.7),
(65, 2012, 19, 920, 290, 178.5),
(66, 2011, 9, 613, 474, 93.0),
(67, 2012, 12, 411, 457, 154.6),
(68, 2004, 20, 532, 323, 199.3),
(69, 2001, 18, 918, 261, 144.2),
(70, 2012, 13, 159, 239, 158.4),
(71, 2019, 15, 283, 301, 69.3),
(72, 2018, 18, 176, 217, 105.0),
(73, 2021, 11, 840, 365, 137.7),
(74, 2019, 14, 902, 496, 151.0),
(75, 2020, 11, 970, 380, 87.3),
(76, 2021, 12, 781, 377, 178.1),
(77, 2007, 10, 353, 460, 183.2),
(78, 2005, 16, 421, 219, 110.7),
(79, 2013, 6, 766, 200, 163.6),
(80, 2021, 20, 543, 491, 128.1),
(81, 2011, 5, 206, 218, 96.0),
(82, 2022, 6, 766, 310, 50.8),
(83, 2023, 20, 250, 457, 173.9),
(84, 2001, 17, 477, 253, 154.4),
(86, 2015, 12, 449, 411, 136.1),
(87, 2018, 5, 938, 417, 140.0),
(88, 2015, 8, 773, 354, 71.9),
(89, 2023, 5, 895, 287, 165.3),
(90, 2013, 8, 584, 315, 122.7),
(91, 2013, 5, 215, 444, 65.8),
(92, 2005, 17, 624, 273, 155.1),
(93, 2013, 10, 892, 336, 79.1),
(94, 2018, 20, 922, 468, 124.4),
(95, 2017, 17, 231, 408, 59.3),
(96, 2000, 5, 497, 277, 164.6),
(97, 2011, 17, 886, 472, 50.0),
(98, 2014, 18, 673, 301, 173.5),
(99, 2012, 9, 847, 480, 168.6),
(100, 2004, 19, 368, 390, 113.7),
(101, 2021, 6, 480, 260, 190.3),
(102, 2014, 16, 719, 308, 143.0),
(103, 2022, 18, 939, 437, 60.2),
(104, 2011, 18, 381, 267, 73.7),
(105, 2019, 20, 191, 365, 172.4),
(106, 2000, 15, 750, 397, 158.2),
(107, 2021, 9, 762, 459, 69.2),
(108, 2023, 5, 802, 461, 65.3),
(109, 2004, 8, 600, 234, 56.6),
(110, 2008, 10, 893, 276, 162.1),
(111, 2004, 16, 509, 436, 78.5),
(112, 2006, 16, 503, 488, 51.2),
(113, 2000, 15, 784, 475, 123.4),
(114, 2007, 9, 725, 282, 141.2),
(115, 2013, 9, 584, 465, 117.3),
(116, 2006, 5, 507, 281, 107.1),
(117, 2012, 12, 539, 220, 102.8),
(118, 2002, 15, 691, 385, 183.2),
(119, 2020, 18, 324, 388, 194.7),
(120, 2009, 5, 116, 297, 63.4),
(121, 2017, 16, 568, 205, 74.6),
(122, 2021, 19, 733, 477, 53.6),
(123, 2006, 18, 942, 318, 178.9),
(124, 2020, 9, 332, 358, 98.9),
(125, 2002, 19, 846, 298, 107.2),
(126, 2012, 11, 166, 217, 185.4),
(127, 2009, 13, 110, 206, 50.8),
(128, 2012, 7, 871, 237, 196.9),
(129, 2002, 19, 417, 401, 69.5),
(130, 2006, 9, 444, 338, 115.5),
(131, 2018, 17, 366, 448, 80.2),
(132, 2008, 15, 391, 401, 140.6),
(133, 2015, 9, 279, 301, 108.4),
(134, 2010, 12, 874, 338, 64.0),
(135, 2000, 13, 508, 430, 177.7),
(136, 2018, 6, 829, 304, 119.6),
(137, 2008, 5, 964, 399, 189.7),
(138, 2016, 14, 155, 422, 51.2),
(139, 2010, 6, 995, 249, 96.4),
(140, 2006, 20, 370, 243, 167.8),
(141, 2007, 16, 568, 373, 166.2),
(142, 2008, 13, 308, 356, 176.8),
(143, 2004, 16, 265, 348, 135.6),
(144, 2006, 7, 419, 483, 165.9),
(145, 2000, 5, 800, 303, 181.5),
(146, 2018, 19, 246, 377, 161.9),
(147, 2002, 16, 474, 340, 76.5),
(148, 2002, 9, 984, 238, 112.9),
(149, 2021, 20, 659, 465, 81.8),
(150, 2007, 8, 193, 301, 167.1),
(151, 2002, 13, 558, 375, 108.3),
(152, 2010, 7, 197, 333, 148.5),
(153, 2010, 19, 931, 209, 148.9),
(154, 2020, 11, 995, 494, 154.5),
(1, 2020, 12, 969, 457, 139.2),
(2, 2006, 20, 677, 467, 62.8),
(3, 2000, 20, 398, 200, 75.5),
(4, 2019, 20, 296, 395, 92.9),
(5, 2006, 17, 617, 225, 159.5),
(6, 2004, 10, 757, 231, 184.2),
(7, 2001, 11, 640, 493, 125.1),
(8, 2021, 6, 178, 247, 59.9),
(9, 2019, 15, 456, 336, 175.0),
(10, 2023, 12, 971, 304, 152.5),
(12, 2014, 20, 967, 439, 111.8),
(13, 2016, 13, 422, 357, 170.5),
(14, 2020, 7, 920, 443, 92.1),
(15, 2013, 10, 548, 496, 155.1),
(16, 2013, 7, 228, 282, 126.6),
(17, 2005, 12, 551, 407, 170.9),
(18, 2020, 12, 337, 382, 105.5),
(19, 2005, 8, 349, 316, 145.7),
(20, 2003, 10, 916, 364, 176.8),
(21, 2013, 13, 383, 244, 177.0),
(23, 2000, 6, 373, 208, 151.7),
(24, 2020, 13, 474, 327, 161.8),
(25, 2014, 13, 937, 326, 79.0),
(26, 2012, 7, 256, 240, 172.3),
(27, 2022, 6, 660, 248, 123.3),
(28, 2020, 19, 841, 327, 106.5),
(29, 2008, 10, 877, 453, 127.1),
(31, 2013, 17, 551, 399, 195.7),
(33, 2020, 8, 937, 290, 55.2),
(34, 2010, 7, 685, 484, 169.4),
(35, 2018, 12, 290, 485, 74.8),
(36, 2016, 13, 572, 331, 172.6),
(37, 2000, 19, 614, 335, 74.2),
(39, 2005, 18, 405, 480, 66.3),
(40, 2003, 20, 881, 215, 85.8),
(41, 2023, 15, 496, 312, 56.6),
(42, 2023, 6, 705, 254, 69.1),
(43, 2020, 14, 507, 339, 169.8),
(44, 2017, 17, 726, 243, 58.2),
(45, 2016, 8, 724, 337, 68.5),
(46, 2013, 20, 235, 323, 89.4),
(47, 2016, 11, 430, 374, 159.7),
(49, 2011, 16, 461, 384, 52.7),
(50, 2002, 10, 416, 452, 176.3),
(51, 2013, 9, 811, 204, 170.3),
(52, 2015, 11, 692, 324, 197.8),
(53, 2006, 14, 572, 447, 64.7),
(54, 2019, 13, 935, 484, 136.3),
(55, 2012, 14, 738, 364, 188.1),
(56, 2012, 18, 397, 260, 115.1),
(57, 2007, 14, 628, 410, 132.4),
(58, 2014, 8, 580, 416, 108.7),
(59, 2013, 14, 204, 295, 189.4),
(60, 2021, 20, 923, 217, 83.2),
(61, 2007, 8, 280, 332, 78.0),
(62, 2019, 11, 477, 397, 99.9),
(63, 2009, 6, 811, 433, 179.4),
(64, 2004, 12, 671, 270, 112.3),
(65, 2017, 13, 862, 392, 106.1),
(66, 2004, 8, 578, 221, 179.7),
(67, 2020, 11, 117, 279, 74.4),
(68, 2017, 15, 470, 371, 118.8),
(69, 2017, 19, 510, 380, 183.1),
(70, 2004, 11, 299, 300, 85.6),
(71, 2021, 7, 933, 349, 83.5),
(72, 2013, 5, 723, 293, 104.4),
(73, 2013, 20, 575, 401, 127.0),
(75, 2023, 15, 956, 447, 134.2),
(76, 2022, 8, 841, 427, 190.5),
(77, 2015, 11, 159, 359, 129.3),
(78, 2006, 18, 501, 241, 104.3),
(79, 2002, 8, 129, 363, 61.9),
(80, 2003, 7, 734, 235, 164.4),
(81, 2007, 16, 332, 377, 97.1),
(82, 2000, 5, 760, 470, 155.7),
(83, 2013, 16, 931, 388, 133.6),
(84, 2023, 13, 759, 460, 191.9),
(85, 2017, 10, 505, 223, 176.0),
(86, 2017, 11, 604, 425, 80.6),
(87, 2020, 13, 158, 413, 52.5),
(88, 2006, 18, 809, 498, 115.5),
(90, 2008, 5, 313, 471, 51.8),
(91, 2004, 17, 172, 237, 88.0),
(92, 2017, 19, 944, 308, 165.8),
(93, 2023, 9, 332, 273, 136.4),
(94, 2020, 5, 452, 466, 77.8),
(95, 2013, 5, 518, 304, 115.3),
(96, 2008, 7, 652, 340, 155.6),
(97, 2015, 8, 102, 295, 140.8),
(98, 2006, 6, 501, 457, 135.2),
(99, 2022, 13, 551, 489, 110.4),
(100, 2010, 17, 100, 498, 108.4),
(101, 2004, 10, 114, 336, 84.8),
(102, 2015, 13, 158, 472, 78.5),
(103, 2012, 19, 433, 474, 80.0),
(104, 2017, 18, 788, 484, 147.6),
(105, 2007, 6, 425, 476, 132.1),
(106, 2016, 20, 524, 231, 158.9),
(107, 2010, 12, 161, 220, 168.8),
(108, 2000, 15, 276, 382, 152.1),
(109, 2005, 7, 757, 339, 127.4),
(110, 2016, 10, 811, 334, 119.0),
(111, 2018, 15, 964, 354, 87.2),
(112, 2010, 14, 383, 252, 194.9),
(113, 2007, 16, 496, 280, 150.2),
(114, 2019, 13, 413, 229, 192.7),
(115, 2017, 16, 280, 248, 126.9),
(116, 2014, 7, 948, 257, 147.7),
(117, 2004, 18, 610, 337, 170.6),
(118, 2001, 11, 310, 478, 148.4),
(119, 2017, 5, 838, 220, 167.5),
(120, 2001, 14, 856, 204, 182.8),
(121, 2018, 10, 459, 339, 161.5),
(122, 2020, 15, 473, 275, 76.8),
(123, 2016, 5, 169, 301, 94.7),
(124, 2000, 12, 690, 418, 130.6),
(125, 2000, 17, 340, 406, 178.1),
(126, 2010, 17, 896, 491, 142.1),
(128, 2005, 7, 359, 316, 150.3),
(129, 2011, 19, 976, 300, 142.9),
(130, 2011, 17, 640, 338, 144.7),
(131, 2013, 12, 139, 255, 177.5),
(132, 2023, 14, 271, 213, 78.2),
(133, 2020, 11, 895, 312, 172.3),
(134, 2015, 8, 107, 460, 136.3),
(135, 2023, 17, 921, 363, 72.4),
(136, 2017, 5, 436, 315, 102.1),
(137, 2010, 19, 211, 280, 125.5),
(138, 2011, 16, 202, 496, 159.6),
(139, 2012, 20, 161, 495, 162.5),
(140, 2016, 11, 763, 491, 176.4),
(142, 2012, 9, 786, 429, 171.8),
(143, 2003, 6, 942, 438, 142.4),
(145, 2010, 13, 894, 422, 199.9),
(146, 2021, 14, 945, 500, 100.6),
(147, 2020, 7, 122, 403, 72.2),
(148, 2014, 5, 154, 433, 198.6),
(149, 2018, 9, 916, 483, 81.4),
(150, 2011, 15, 895, 460, 64.7),
(151, 2006, 6, 453, 250, 122.8),
(153, 2019, 12, 483, 229, 187.6),
(1, 2007, 6, 890, 499, 99.9),
(2, 2020, 17, 612, 472, 64.3),
(4, 2001, 19, 610, 273, 118.5),
(5, 2015, 8, 993, 213, 125.8),
(6, 2009, 7, 900, 417, 129.5),
(7, 2010, 13, 615, 228, 63.0),
(8, 2017, 16, 229, 432, 136.9),
(9, 2020, 16, 317, 399, 151.3),
(10, 2018, 17, 969, 446, 87.5),
(11, 2002, 17, 104, 433, 161.5),
(12, 2006, 15, 458, 374, 186.0),
(13, 2008, 15, 606, 310, 188.8),
(15, 2008, 6, 235, 353, 74.1),
(16, 2009, 15, 131, 438, 143.8),
(17, 2008, 5, 898, 326, 108.7),
(18, 2003, 9, 650, 339, 152.1),
(20, 2016, 10, 581, 341, 123.4),
(23, 2008, 12, 718, 336, 54.0),
(24, 2006, 18, 129, 333, 198.6),
(25, 2017, 8, 500, 358, 177.3),
(27, 2020, 9, 724, 205, 198.1),
(28, 2007, 16, 458, 216, 187.7),
(29, 2019, 16, 821, 451, 103.1),
(30, 2020, 8, 580, 233, 105.9),
(31, 2004, 11, 864, 282, 175.9),
(32, 2012, 10, 958, 391, 142.9),
(33, 2003, 14, 358, 432, 75.6),
(34, 2019, 16, 781, 262, 84.1),
(35, 2023, 16, 241, 272, 132.9),
(36, 2019, 12, 259, 424, 189.0),
(37, 2008, 9, 820, 376, 128.0),
(38, 2015, 13, 804, 200, 168.3),
(40, 2000, 13, 510, 421, 136.7),
(41, 2002, 15, 826, 399, 50.7),
(42, 2014, 18, 966, 428, 82.8),
(45, 2001, 13, 430, 374, 62.2),
(46, 2017, 12, 867, 242, 146.6),
(47, 2012, 14, 966, 365, 132.5),
(48, 2001, 20, 746, 349, 108.2),
(49, 2008, 20, 385, 426, 118.0),
(51, 2016, 15, 823, 369, 62.7),
(52, 2014, 6, 820, 357, 86.3),
(54, 2021, 19, 565, 287, 59.0),
(55, 2010, 19, 627, 284, 177.8),
(56, 2020, 16, 112, 408, 152.7),
(57, 2001, 16, 581, 486, 150.6),
(58, 2012, 10, 731, 361, 75.8),
(59, 2005, 14, 530, 300, 125.2),
(60, 2007, 11, 459, 447, 173.2),
(61, 2004, 13, 186, 311, 131.2),
(62, 2004, 13, 552, 314, 80.9),
(63, 2020, 19, 942, 346, 62.3),
(65, 2023, 7, 336, 266, 84.5),
(66, 2020, 20, 490, 461, 52.4),
(67, 2015, 10, 944, 480, 175.6),
(68, 2021, 19, 900, 400, 92.8),
(69, 2002, 14, 792, 375, 135.8),
(70, 2008, 18, 942, 348, 101.3),
(71, 2016, 7, 754, 458, 175.8),
(72, 2015, 6, 161, 495, 103.6),
(73, 2018, 5, 642, 326, 89.5),
(74, 2003, 18, 522, 317, 134.4),
(75, 2006, 5, 963, 477, 86.2),
(76, 2009, 18, 454, 500, 130.8),
(77, 2014, 16, 800, 409, 125.0),
(79, 2020, 9, 203, 382, 101.7),
(80, 2020, 9, 427, 442, 61.5),
(82, 2020, 6, 193, 360, 179.4),
(83, 2022, 10, 705, 315, 124.0),
(85, 2015, 20, 924, 363, 197.7),
(86, 2018, 7, 633, 381, 133.4),
(87, 2019, 8, 428, 475, 158.0),
(88, 2017, 9, 690, 217, 132.4),
(90, 2001, 13, 804, 335, 71.9),
(91, 2019, 16, 589, 410, 68.7),
(93, 2019, 9, 153, 352, 114.6),
(94, 2002, 18, 740, 304, 97.8),
(95, 2004, 18, 422, 325, 128.5),
(96, 2007, 19, 273, 249, 172.5),
(97, 2009, 16, 981, 488, 87.5),
(98, 2005, 19, 362, 253, 50.6),
(99, 2011, 7, 460, 218, 167.8),
(100, 2019, 15, 449, 239, 101.0),
(101, 2005, 20, 862, 378, 73.7),
(102, 2022, 18, 705, 486, 62.3),
(103, 2014, 14, 602, 303, 168.7),
(105, 2010, 5, 904, 289, 92.3),
(107, 2006, 11, 576, 215, 81.4),
(108, 2007, 17, 888, 331, 191.2),
(111, 2007, 14, 552, 429, 60.7),
(113, 2012, 20, 313, 239, 96.0),
(114, 2012, 7, 480, 207, 152.1),
(115, 2011, 7, 976, 207, 63.2),
(116, 2021, 10, 790, 237, 64.7),
(117, 2021, 19, 654, 224, 104.6),
(118, 2009, 6, 194, 292, 68.9),
(119, 2014, 8, 701, 200, 62.4),
(120, 2023, 12, 509, 275, 169.2),
(121, 2019, 20, 691, 428, 52.3),
(122, 2003, 18, 373, 390, 75.4),
(123, 2017, 20, 889, 490, 52.2),
(124, 2014, 13, 236, 472, 95.1),
(125, 2016, 15, 788, 374, 80.0),
(126, 2008, 10, 852, 394, 112.7),
(127, 2006, 5, 707, 397, 73.7),
(128, 2011, 6, 991, 407, 109.0),
(129, 2008, 7, 238, 418, 144.9),
(130, 2020, 10, 953, 432, 196.8),
(131, 2012, 14, 520, 494, 59.3),
(132, 2012, 12, 767, 217, 153.7),
(133, 2019, 20, 815, 312, 56.7),
(134, 2008, 19, 477, 264, 153.0),
(135, 2010, 18, 681, 318, 135.9),
(136, 2009, 11, 133, 301, 197.5),
(138, 2014, 15, 333, 324, 71.2),
(139, 2007, 7, 414, 214, 131.6),
(140, 2003, 16, 991, 287, 160.6),
(141, 2017, 6, 455, 358, 189.2),
(142, 2016, 9, 701, 306, 133.3),
(143, 2012, 11, 354, 340, 134.2),
(144, 2023, 16, 950, 320, 151.1),
(145, 2020, 15, 101, 217, 107.4),
(146, 2002, 11, 534, 284, 164.1),
(147, 2000, 8, 213, 466, 172.2),
(148, 2010, 9, 319, 384, 129.6),
(149, 2013, 20, 318, 473, 151.7),
(150, 2022, 18, 911, 257, 92.0),
(151, 2013, 9, 207, 239, 85.4),
(153, 2013, 20, 688, 290, 198.8),
(154, 2017, 6, 353, 367, 157.5),
(1, 2006, 14, 541, 315, 142.6),
(2, 2003, 11, 768, 315, 69.3),
(3, 2007, 20, 627, 298, 72.8),
(4, 2014, 10, 215, 445, 113.3),
(5, 2018, 9, 737, 498, 197.0),
(6, 2013, 7, 385, 415, 131.0),
(8, 2001, 8, 207, 477, 117.0),
(9, 2021, 17, 463, 458, 160.5),
(10, 2007, 5, 830, 470, 76.7),
(11, 2012, 20, 572, 411, 176.0),
(12, 2012, 5, 267, 474, 175.2),
(13, 2010, 7, 135, 362, 106.2),
(15, 2005, 5, 428, 269, 171.3),
(16, 2021, 5, 396, 363, 57.1),
(17, 2014, 6, 314, 461, 148.9),
(18, 2018, 19, 299, 386, 87.5),
(19, 2011, 7, 600, 260, 189.8),
(21, 2009, 15, 959, 211, 110.2),
(22, 2004, 5, 869, 252, 180.2),
(23, 2010, 16, 387, 365, 61.6),
(24, 2013, 17, 429, 467, 69.2),
(25, 2020, 16, 963, 309, 52.4),
(26, 2000, 7, 287, 490, 183.7),
(27, 2017, 17, 754, 239, 187.7),
(28, 2021, 5, 473, 259, 101.2),
(29, 2007, 12, 948, 495, 111.6),
(31, 2019, 12, 671, 367, 123.9),
(32, 2010, 7, 619, 405, 83.2),
(33, 2010, 9, 772, 303, 147.7),
(34, 2006, 10, 273, 270, 70.3),
(35, 2009, 20, 110, 402, 187.2),
(36, 2000, 18, 560, 499, 92.6),
(38, 2022, 16, 303, 234, 165.6),
(39, 2002, 13, 987, 365, 63.2),
(40, 2006, 16, 848, 225, 194.0),
(42, 2018, 18, 364, 408, 167.7),
(43, 2001, 19, 725, 355, 180.6),
(44, 2002, 14, 130, 315, 51.8),
(46, 2001, 19, 160, 458, 137.4),
(47, 2003, 8, 997, 323, 172.0),
(48, 2015, 16, 843, 454, 78.0),
(49, 2016, 12, 463, 317, 170.3),
(50, 2006, 7, 785, 221, 169.8),
(51, 2012, 9, 270, 221, 90.1),
(52, 2007, 13, 727, 338, 187.8),
(53, 2022, 8, 247, 459, 181.0),
(54, 2018, 14, 286, 317, 81.3),
(55, 2023, 7, 586, 220, 161.7),
(56, 2008, 14, 349, 229, 117.3),
(57, 2020, 13, 882, 382, 148.9),
(58, 2007, 12, 242, 487, 119.0),
(59, 2002, 16, 281, 337, 149.5),
(60, 2014, 7, 119, 355, 179.7),
(62, 2009, 14, 120, 345, 75.3),
(63, 2011, 10, 857, 462, 157.8),
(64, 2006, 6, 292, 481, 83.5),
(67, 2013, 11, 984, 469, 178.4),
(68, 2016, 20, 391, 464, 123.2),
(69, 2007, 8, 717, 265, 51.4),
(72, 2009, 19, 680, 485, 136.7),
(73, 2005, 11, 958, 300, 116.3),
(74, 2000, 12, 445, 479, 68.1),
(76, 2002, 15, 808, 326, 113.4),
(77, 2011, 20, 945, 483, 111.7),
(78, 2011, 7, 522, 406, 175.5),
(80, 2012, 5, 465, 244, 145.8),
(81, 2009, 19, 154, 293, 106.5),
(82, 2006, 19, 703, 475, 60.1),
(83, 2018, 17, 968, 383, 107.2),
(84, 2020, 16, 466, 343, 73.5),
(85, 2004, 9, 737, 444, 111.0),
(87, 2022, 18, 845, 253, 123.2),
(89, 2005, 19, 717, 470, 111.0),
(90, 2017, 13, 887, 206, 196.9),
(91, 2010, 15, 746, 481, 60.7),
(92, 2023, 12, 127, 338, 196.8),
(93, 2006, 9, 523, 499, 158.7),
(94, 2017, 5, 697, 276, 184.5),
(95, 2018, 11, 437, 342, 177.2),
(96, 2023, 9, 554, 267, 137.6),
(99, 2010, 18, 957, 276, 60.0),
(100, 2017, 9, 791, 498, 136.2),
(101, 2011, 8, 446, 303, 187.9),
(103, 2003, 13, 311, 314, 176.6),
(104, 2009, 15, 934, 447, 52.9),
(107, 2007, 19, 173, 415, 170.6),
(108, 2004, 11, 275, 372, 153.8),
(109, 2008, 5, 481, 403, 132.4),
(110, 2020, 13, 191, 355, 100.1),
(111, 2008, 13, 637, 383, 56.9),
(112, 2008, 10, 439, 448, 106.0),
(113, 2017, 17, 801, 407, 174.3),
(114, 2008, 10, 142, 498, 168.0),
(115, 2008, 19, 254, 487, 126.3),
(116, 2015, 15, 423, 203, 166.8),
(117, 2013, 17, 626, 250, 57.7),
(118, 2014, 7, 928, 351, 61.1),
(119, 2001, 18, 687, 413, 91.4),
(120, 2015, 10, 733, 460, 174.2),
(121, 2007, 18, 999, 316, 113.5),
(123, 2013, 8, 609, 207, 176.6),
(124, 2008, 14, 228, 437, 74.6),
(125, 2006, 13, 486, 409, 150.8),
(127, 2019, 6, 703, 460, 73.1),
(128, 2013, 9, 848, 404, 58.9),
(130, 2007, 18, 973, 319, 87.2),
(132, 2016, 18, 492, 417, 76.8),
(133, 2012, 17, 802, 347, 175.1),
(134, 2023, 9, 583, 292, 134.5),
(135, 2013, 6, 828, 266, 65.3),
(136, 2006, 11, 632, 429, 100.8),
(137, 2012, 19, 356, 329, 126.8),
(139, 2021, 17, 605, 427, 53.2),
(142, 2021, 16, 598, 402, 159.4),
(143, 2006, 11, 582, 348, 127.1),
(146, 2012, 11, 357, 301, 102.2),
(147, 2014, 12, 467, 310, 137.4),
(148, 2017, 5, 917, 244, 87.2),
(149, 2000, 19, 744, 451, 105.1),
(150, 2018, 8, 169, 353, 139.5),
(151, 2009, 7, 272, 377, 179.1),
(152, 2014, 5, 838, 294, 164.5),
(153, 2022, 5, 487, 278, 159.9),
(154, 2010, 19, 929, 389, 186.3),
(3, 2016, 8, 420, 229, 72.4),
(7, 2000, 20, 796, 436, 177.2),
(11, 2014, 17, 397, 335, 126.1),
(14, 2005, 20, 884, 393, 183.0),
(19, 2015, 5, 597, 315, 197.4),
(21, 2007, 5, 781, 445, 87.2),
(22, 2022, 18, 387, 223, 131.9),
(26, 2013, 19, 547, 418, 116.3),
(30, 2009, 5, 680, 213, 188.5),
(32, 2019, 13, 702, 439, 106.2),
(37, 2017, 16, 773, 234, 94.4),
(38, 2010, 8, 997, 333, 192.1),
(41, 2021, 15, 400, 374, 169.1),
(43, 2017, 8, 680, 465, 110.7),
(45, 2012, 9, 957, 356, 97.9),
(48, 2018, 14, 880, 346, 65.8),
(50, 2000, 6, 505, 381, 199.8),
(61, 2016, 18, 306, 288, 111.3),
(64, 2019, 17, 375, 330, 75.4),
(65, 2014, 5, 459, 467, 161.6),
(66, 2019, 11, 619, 214, 130.7),
(70, 2021, 13, 127, 271, 173.5),
(71, 2008, 11, 858, 220, 118.3),
(74, 2022, 9, 588, 378, 199.4),
(75, 2021, 15, 564, 320, 135.1),
(79, 2007, 10, 976, 456, 164.7),
(81, 2020, 7, 877, 267, 63.4),
(84, 2004, 7, 937, 315, 192.0),
(85, 2013, 13, 300, 275, 142.9),
(86, 2016, 7, 564, 260, 156.2),
(88, 2022, 17, 585, 277, 123.0),
(89, 2017, 11, 519, 294, 110.5),
(92, 2013, 5, 715, 329, 189.1),
(97, 2008, 5, 804, 414, 147.6),
(98, 2015, 15, 538, 230, 66.8),
(102, 2016, 5, 822, 366, 59.6),
(105, 2004, 18, 849, 264, 110.2),
(106, 2006, 10, 821, 489, 155.4),
(110, 2011, 18, 441, 298, 139.0),
(112, 2001, 9, 457, 288, 157.5),
(126, 2003, 11, 786, 375, 176.1),
(129, 2006, 9, 573, 396, 181.0),
(131, 2019, 13, 539, 477, 106.6),
(137, 2004, 15, 326, 280, 104.7),
(138, 2021, 6, 829, 261, 163.4),
(140, 2007, 18, 266, 275, 67.2),
(141, 2014, 8, 157, 398, 153.7),
(144, 2019, 13, 304, 343, 84.4),
(145, 2005, 13, 790, 418, 91.4),
(152, 2004, 20, 194, 482, 136.3),
(154, 2015, 20, 462, 461, 195.2),
(14, 2018, 18, 648, 480, 56.9),
(20, 2015, 7, 803, 233, 166.4),
(22, 2011, 18, 220, 371, 132.7),
(30, 2013, 7, 537, 424, 117.0),
(39, 2004, 17, 657, 477, 138.1),
(44, 2022, 5, 128, 333, 140.8),
(53, 2017, 13, 691, 436, 74.5),
(78, 2021, 16, 869, 421, 88.0),
(89, 2019, 20, 717, 338, 151.3),
(106, 2010, 6, 864, 486, 144.5),
(109, 2015, 17, 299, 408, 139.2),
(122, 2022, 14, 483, 341, 139.1),
(141, 2008, 16, 347, 306, 177.9),
(144, 2021, 16, 155, 450, 89.3),
(152, 2003, 19, 767, 245, 52.7),
(104, 2012, 19, 548, 284, 117.6),
(127, 2001, 9, 248, 380, 67.5);

CREATE TABLE PlayerBowlingStats (
    player_id INT,
    year INT,
    matches_played INT,
    balls_bowled INT,
    runs_conceded INT,
    wickets_taken INT,
    bowling_strike_rate FLOAT,
    PRIMARY KEY (player_id, year),
    FOREIGN KEY (player_id) REFERENCES Players(player_id)
);

INSERT INTO PlayerBowlingStats (player_id, year, matches_played, balls_bowled, runs_conceded, wickets_taken, bowling_strike_rate)
VALUES 
(1, 2017, 17, 314, 341, 8, 57.1),
(2, 2002, 6, 331, 245, 13, 34.0),
(3, 2012, 15, 342, 247, 8, 58.0),
(4, 2016, 17, 364, 413, 9, 58.9),
(5, 2013, 13, 229, 145, 19, 53.0),
(6, 2003, 5, 215, 190, 11, 36.6),
(7, 2023, 19, 424, 380, 12, 53.2),
(8, 2015, 13, 471, 197, 12, 31.9),
(9, 2021, 20, 309, 373, 20, 47.7),
(10, 2020, 8, 240, 387, 18, 57.5),
(11, 2016, 17, 267, 395, 12, 50.1),
(12, 2019, 6, 324, 116, 10, 14.1),
(13, 2023, 16, 589, 311, 6, 46.2),
(14, 2022, 11, 413, 302, 15, 14.2),
(15, 2010, 18, 248, 200, 15, 32.3),
(16, 2013, 19, 572, 490, 20, 48.7),
(17, 2007, 5, 522, 249, 15, 21.5),
(18, 2020, 9, 466, 412, 16, 49.3),
(19, 2022, 13, 289, 396, 8, 36.3),
(20, 2012, 14, 230, 110, 9, 26.3),
(21, 2013, 7, 468, 186, 7, 58.4),
(22, 2011, 10, 337, 308, 15, 36.1),
(23, 2007, 11, 461, 492, 15, 43.2),
(24, 2018, 5, 598, 389, 12, 24.9),
(25, 2017, 10, 334, 270, 20, 16.6),
(26, 2018, 6, 393, 296, 10, 40.6),
(27, 2012, 15, 328, 279, 16, 39.9),
(28, 2010, 18, 402, 394, 18, 14.5),
(29, 2001, 16, 550, 479, 11, 15.2),
(30, 2016, 19, 507, 422, 11, 44.7),
(31, 2003, 5, 288, 486, 5, 40.9),
(32, 2011, 6, 596, 149, 16, 56.5),
(33, 2006, 5, 427, 122, 16, 10.4),
(34, 2017, 7, 209, 146, 16, 49.5),
(35, 2010, 18, 202, 148, 7, 35.8),
(36, 2022, 8, 377, 456, 10, 20.2),
(37, 2004, 9, 464, 116, 6, 29.5),
(38, 2018, 15, 464, 371, 12, 28.0),
(39, 2023, 5, 450, 307, 12, 42.9),
(40, 2018, 16, 353, 473, 19, 52.1),
(41, 2001, 6, 541, 124, 9, 23.3),
(42, 2017, 10, 229, 393, 12, 19.9),
(43, 2020, 14, 496, 254, 15, 29.6),
(44, 2021, 5, 347, 457, 18, 11.3),
(45, 2020, 15, 259, 448, 13, 18.8),
(46, 2008, 18, 260, 444, 15, 10.4),
(47, 2001, 20, 594, 438, 15, 11.7),
(48, 2006, 18, 464, 431, 19, 14.7),
(49, 2011, 7, 559, 126, 14, 58.7),
(50, 2007, 9, 201, 118, 19, 52.8),
(51, 2000, 6, 557, 370, 13, 59.0),
(52, 2005, 18, 346, 150, 7, 22.4),
(53, 2010, 13, 352, 227, 9, 24.2),
(54, 2008, 16, 362, 117, 20, 48.1),
(55, 2008, 16, 592, 159, 13, 69.3),
(56, 2014, 19, 424, 334, 13, 17.2),
(57, 2018, 10, 517, 394, 15, 25.5),
(58, 2004, 11, 539, 374, 19, 11.0),
(59, 2004, 19, 556, 492, 20, 13.0),
(60, 2003, 8, 378, 187, 7, 40.0),
(61, 2010, 16, 217, 439, 9, 16.4),
(62, 2017, 18, 475, 286, 16, 69.3),
(63, 2011, 20, 456, 226, 11, 63.8),
(64, 2004, 9, 460, 149, 13, 57.6),
(65, 2004, 16, 276, 124, 5, 50.7),
(66, 2019, 15, 562, 488, 16, 53.6),
(67, 2003, 18, 487, 472, 9, 20.2),
(68, 2017, 12, 499, 422, 19, 56.8),
(69, 2004, 13, 376, 121, 5, 46.9),
(70, 2007, 11, 262, 149, 14, 38.3),
(71, 2006, 13, 434, 184, 15, 67.7),
(72, 2018, 8, 410, 163, 5, 32.6),
(73, 2020, 6, 246, 152, 20, 61.0),
(74, 2022, 11, 496, 127, 11, 46.1),
(75, 2015, 10, 272, 302, 6, 68.9),
(76, 2014, 6, 597, 277, 12, 66.6),
(77, 2023, 8, 433, 401, 5, 22.6),
(78, 2017, 7, 339, 437, 20, 23.8),
(79, 2018, 7, 575, 205, 12, 57.5),
(80, 2005, 13, 283, 155, 11, 41.3),
(81, 2018, 16, 549, 113, 19, 33.5),
(82, 2021, 14, 302, 313, 18, 11.9),
(83, 2011, 7, 381, 153, 14, 35.2),
(84, 2012, 11, 434, 150, 9, 67.6),
(85, 2023, 19, 306, 466, 15, 49.7),
(86, 2020, 16, 319, 220, 6, 52.7),
(87, 2013, 9, 557, 465, 6, 18.4),
(88, 2015, 20, 527, 221, 7, 62.7),
(89, 2013, 9, 562, 212, 12, 53.5),
(90, 2012, 8, 494, 252, 11, 56.5),
(91, 2004, 8, 528, 294, 10, 22.9),
(92, 2016, 9, 355, 469, 15, 51.8),
(93, 2019, 8, 244, 433, 14, 62.2),
(94, 2007, 17, 250, 212, 16, 57.1),
(95, 2002, 18, 348, 166, 10, 38.9),
(96, 2009, 16, 474, 452, 8, 64.8),
(97, 2009, 7, 599, 444, 10, 26.3),
(98, 2012, 18, 466, 132, 16, 59.8),
(99, 2002, 13, 451, 186, 12, 19.3),
(100, 2000, 20, 399, 332, 17, 24.5),
(101, 2013, 11, 392, 181, 18, 62.7),
(102, 2019, 16, 514, 319, 15, 41.3),
(103, 2022, 17, 256, 422, 13, 25.2),
(104, 2013, 11, 386, 325, 17, 57.6),
(105, 2010, 7, 374, 167, 8, 57.1),
(106, 2018, 20, 579, 159, 11, 67.3),
(107, 2000, 9, 504, 330, 12, 32.9),
(108, 2015, 11, 572, 456, 14, 14.8),
(109, 2005, 5, 486, 292, 11, 15.5),
(110, 2002, 13, 342, 243, 12, 23.5),
(111, 2010, 20, 324, 144, 16, 55.6),
(112, 2014, 11, 343, 194, 18, 36.9),
(113, 2008, 16, 306, 177, 17, 33.5),
(114, 2000, 19, 569, 363, 5, 54.4),
(115, 2021, 16, 448, 495, 6, 57.9),
(116, 2008, 15, 525, 443, 18, 34.2),
(117, 2022, 10, 430, 301, 10, 43.2),
(118, 2001, 6, 229, 361, 8, 44.4),
(119, 2003, 18, 598, 107, 16, 54.6),
(120, 2020, 19, 510, 472, 7, 50.6),
(121, 2001, 11, 414, 110, 13, 57.7),
(122, 2017, 10, 572, 469, 20, 28.0),
(123, 2004, 12, 477, 445, 14, 37.5),
(124, 2022, 5, 265, 111, 16, 40.3),
(125, 2021, 15, 341, 252, 9, 11.3),
(126, 2022, 20, 461, 238, 19, 21.6),
(127, 2016, 10, 494, 273, 17, 67.0),
(128, 2016, 20, 347, 344, 12, 18.2),
(129, 2019, 15, 538, 103, 14, 70.0),
(130, 2019, 6, 331, 348, 11, 63.0),
(131, 2009, 16, 367, 447, 11, 12.6),
(132, 2020, 14, 315, 375, 11, 35.6),
(133, 2014, 7, 413, 270, 20, 29.9),
(134, 2013, 18, 585, 444, 10, 11.6),
(135, 2008, 7, 494, 118, 6, 40.9),
(136, 2012, 18, 366, 209, 14, 56.3),
(137, 2006, 8, 555, 490, 20, 66.2),
(138, 2010, 11, 425, 252, 13, 31.1),
(139, 2019, 18, 413, 498, 12, 58.0),
(140, 2017, 8, 459, 337, 17, 26.8),
(141, 2014, 16, 506, 234, 6, 46.7),
(142, 2013, 11, 593, 414, 16, 63.4),
(143, 2001, 10, 527, 257, 7, 20.9),
(144, 2005, 8, 556, 300, 6, 61.0),
(145, 2019, 20, 543, 171, 11, 41.6),
(146, 2023, 18, 577, 137, 10, 34.0),
(147, 2022, 8, 348, 118, 16, 16.7),
(148, 2007, 20, 245, 170, 20, 65.6),
(149, 2005, 16, 377, 243, 15, 26.9),
(150, 2023, 9, 335, 186, 9, 46.2),
(151, 2006, 5, 305, 191, 9, 24.5),
(152, 2018, 16, 213, 151, 13, 16.1),
(153, 2004, 6, 347, 442, 9, 67.2),
(154, 2012, 15, 202, 260, 12, 25.2),
(1, 2014, 5, 513, 440, 11, 63.6),
(2, 2020, 19, 251, 478, 13, 29.8),
(3, 2001, 20, 258, 481, 8, 62.8),
(4, 2003, 8, 429, 139, 17, 39.5),
(5, 2009, 16, 421, 408, 16, 28.2),
(6, 2005, 15, 250, 143, 10, 30.6),
(7, 2010, 13, 200, 407, 10, 69.2),
(8, 2011, 18, 459, 121, 5, 50.0),
(9, 2003, 5, 545, 307, 17, 23.9),
(10, 2000, 18, 269, 364, 15, 20.3),
(11, 2005, 8, 404, 156, 18, 16.0),
(12, 2010, 16, 463, 404, 11, 55.0),
(13, 2021, 11, 209, 160, 20, 43.9),
(14, 2016, 10, 221, 422, 6, 49.4),
(16, 2022, 14, 344, 313, 10, 13.4),
(18, 2000, 11, 591, 114, 8, 11.5),
(19, 2004, 15, 353, 430, 19, 33.9),
(20, 2001, 7, 403, 306, 16, 10.9),
(21, 2005, 9, 325, 224, 6, 35.9),
(22, 2005, 15, 356, 415, 11, 45.7),
(23, 2009, 12, 566, 363, 7, 59.5),
(24, 2020, 10, 231, 473, 8, 30.2),
(25, 2004, 12, 401, 162, 18, 20.2),
(26, 2002, 15, 343, 470, 15, 32.9),
(27, 2000, 18, 270, 492, 8, 39.0),
(28, 2005, 7, 234, 240, 11, 59.6),
(29, 2016, 18, 230, 308, 13, 38.3),
(30, 2018, 15, 354, 401, 7, 44.8),
(31, 2012, 7, 351, 276, 10, 40.7),
(32, 2006, 14, 427, 177, 14, 55.6),
(33, 2023, 14, 579, 338, 14, 37.7),
(34, 2021, 15, 334, 146, 16, 17.8),
(35, 2002, 8, 545, 101, 17, 11.3),
(36, 2012, 18, 364, 202, 14, 16.1),
(37, 2019, 20, 361, 465, 6, 45.1),
(38, 2017, 8, 530, 336, 13, 53.1),
(39, 2002, 6, 314, 255, 11, 36.6),
(40, 2019, 6, 468, 261, 20, 51.0),
(41, 2007, 8, 281, 117, 8, 18.7),
(42, 2007, 19, 538, 178, 6, 36.1),
(43, 2000, 20, 530, 438, 16, 17.7),
(44, 2005, 13, 294, 187, 5, 10.1),
(45, 2013, 14, 333, 186, 9, 47.9),
(46, 2016, 5, 319, 317, 12, 63.7),
(47, 2016, 11, 206, 420, 8, 13.8),
(48, 2019, 18, 371, 133, 6, 57.8),
(49, 2023, 19, 466, 466, 16, 64.7),
(50, 2004, 6, 257, 183, 6, 56.2),
(51, 2020, 13, 260, 214, 11, 10.7),
(52, 2009, 11, 286, 194, 19, 58.5),
(53, 2023, 18, 580, 275, 17, 27.8),
(54, 2000, 5, 215, 175, 13, 53.8),
(56, 2021, 6, 558, 399, 17, 16.4),
(57, 2005, 13, 444, 425, 11, 66.7),
(58, 2019, 19, 378, 192, 8, 16.4),
(59, 2003, 9, 550, 277, 16, 22.9),
(60, 2005, 17, 235, 153, 5, 66.0),
(61, 2001, 14, 323, 461, 12, 10.4),
(62, 2020, 16, 373, 271, 16, 21.6),
(63, 2006, 13, 528, 350, 14, 42.7),
(64, 2002, 20, 464, 454, 20, 51.5),
(65, 2019, 18, 580, 149, 13, 46.4),
(66, 2013, 9, 232, 277, 12, 48.9),
(67, 2014, 9, 549, 144, 7, 60.4),
(68, 2000, 12, 498, 485, 17, 29.1),
(69, 2015, 5, 333, 280, 10, 17.1),
(70, 2009, 9, 482, 180, 12, 31.8),
(71, 2020, 14, 397, 316, 12, 27.4),
(72, 2021, 10, 260, 420, 20, 56.8),
(73, 2000, 6, 485, 453, 18, 33.2),
(74, 2016, 10, 588, 422, 11, 41.4),
(75, 2016, 8, 238, 343, 20, 10.9),
(76, 2000, 6, 457, 176, 9, 30.0),
(77, 2006, 11, 423, 124, 10, 54.6),
(78, 2000, 18, 465, 263, 7, 31.1),
(79, 2003, 19, 359, 440, 10, 57.3),
(80, 2009, 15, 350, 180, 14, 53.6),
(81, 2002, 17, 233, 403, 14, 35.8),
(82, 2001, 9, 416, 171, 6, 67.8),
(83, 2012, 10, 213, 228, 20, 41.7),
(84, 2003, 9, 481, 343, 15, 41.7),
(85, 2001, 20, 273, 339, 19, 59.7),
(86, 2004, 20, 573, 250, 12, 36.5),
(87, 2007, 18, 437, 480, 15, 23.9),
(88, 2004, 12, 404, 148, 9, 62.0),
(89, 2023, 20, 492, 387, 11, 20.7),
(90, 2007, 11, 331, 489, 17, 61.6),
(91, 2002, 20, 302, 391, 11, 49.2),
(92, 2001, 7, 308, 293, 19, 42.2),
(93, 2017, 14, 318, 409, 20, 39.2),
(94, 2021, 9, 263, 222, 13, 17.4),
(95, 2020, 14, 209, 429, 11, 45.8),
(96, 2003, 18, 472, 212, 5, 61.9),
(97, 2023, 13, 250, 181, 9, 67.0),
(98, 2016, 5, 236, 416, 16, 35.4),
(99, 2015, 20, 556, 185, 5, 22.2),
(100, 2002, 16, 288, 446, 13, 18.4),
(101, 2008, 7, 572, 228, 15, 44.2),
(102, 2009, 14, 375, 114, 14, 23.6),
(103, 2008, 5, 392, 173, 19, 60.5),
(104, 2021, 19, 370, 135, 8, 39.7),
(105, 2006, 10, 243, 239, 11, 54.5),
(106, 2019, 20, 286, 235, 16, 63.6),
(107, 2023, 5, 514, 381, 10, 67.7),
(108, 2023, 18, 410, 418, 15, 51.5),
(109, 2010, 15, 464, 201, 6, 34.2),
(110, 2023, 8, 405, 239, 14, 32.0),
(111, 2019, 8, 586, 379, 16, 65.3),
(112, 2000, 16, 249, 301, 19, 21.8),
(113, 2003, 11, 436, 306, 11, 23.8),
(114, 2016, 20, 445, 271, 15, 62.5),
(115, 2005, 13, 226, 482, 20, 17.3),
(116, 2003, 18, 460, 117, 12, 62.1),
(117, 2007, 18, 228, 186, 5, 56.7),
(118, 2004, 5, 426, 494, 15, 68.1),
(119, 2023, 14, 296, 312, 15, 33.1),
(121, 2012, 8, 475, 347, 17, 17.3),
(122, 2022, 9, 331, 462, 11, 44.5),
(123, 2009, 14, 268, 476, 13, 47.5),
(124, 2021, 13, 304, 353, 11, 57.1),
(125, 2004, 10, 400, 359, 13, 14.4),
(127, 2019, 15, 498, 423, 13, 42.5),
(128, 2023, 8, 284, 356, 6, 32.6),
(129, 2016, 20, 224, 303, 12, 20.7),
(130, 2005, 14, 484, 227, 9, 37.9),
(131, 2019, 9, 449, 344, 11, 50.9),
(132, 2005, 17, 346, 191, 10, 32.6),
(133, 2019, 14, 399, 407, 10, 11.1),
(134, 2016, 10, 495, 372, 18, 67.8),
(135, 2000, 7, 555, 428, 11, 28.4),
(136, 2004, 15, 531, 158, 8, 26.8),
(137, 2008, 18, 424, 286, 13, 51.5),
(138, 2014, 20, 549, 220, 8, 47.3),
(139, 2008, 13, 599, 407, 11, 54.3),
(140, 2001, 5, 439, 234, 18, 40.9),
(141, 2011, 13, 321, 128, 10, 67.4),
(142, 2006, 16, 341, 450, 18, 48.8),
(143, 2023, 9, 465, 449, 5, 18.8),
(144, 2002, 8, 330, 293, 9, 66.1),
(145, 2010, 5, 457, 493, 20, 14.1),
(146, 2005, 12, 399, 338, 16, 47.6),
(148, 2011, 13, 378, 278, 5, 35.5),
(149, 2013, 10, 504, 252, 16, 62.6),
(150, 2016, 7, 328, 131, 12, 14.4),
(152, 2013, 8, 575, 248, 11, 16.9),
(153, 2001, 10, 297, 157, 19, 27.5),
(154, 2018, 7, 398, 243, 14, 25.5),
(1, 2022, 9, 333, 299, 13, 14.7),
(2, 2021, 9, 294, 146, 17, 11.3),
(3, 2010, 15, 243, 391, 11, 34.0),
(4, 2000, 5, 557, 115, 18, 34.1),
(5, 2022, 12, 572, 343, 9, 12.6),
(6, 2021, 11, 329, 471, 14, 29.8),
(7, 2004, 20, 244, 362, 18, 14.4),
(8, 2013, 19, 332, 476, 11, 29.1),
(9, 2011, 10, 597, 456, 11, 42.5),
(10, 2001, 13, 401, 395, 10, 48.0),
(11, 2011, 12, 465, 130, 18, 45.6),
(12, 2004, 5, 358, 239, 8, 50.1),
(14, 2004, 14, 560, 227, 18, 66.6),
(15, 2006, 16, 431, 279, 19, 58.5),
(16, 2021, 19, 491, 350, 8, 60.6),
(17, 2012, 14, 484, 407, 10, 12.9),
(18, 2005, 15, 453, 179, 10, 32.8),
(19, 2015, 7, 468, 248, 6, 68.5),
(20, 2017, 5, 230, 127, 13, 24.9),
(21, 2011, 8, 546, 437, 5, 39.5),
(22, 2019, 8, 288, 486, 16, 37.4),
(23, 2002, 10, 547, 491, 13, 49.2),
(24, 2003, 5, 348, 359, 6, 48.4),
(25, 2009, 19, 503, 283, 9, 60.5),
(26, 2017, 15, 249, 359, 13, 54.8),
(28, 2004, 9, 284, 382, 13, 14.7),
(30, 2012, 9, 377, 137, 8, 69.1),
(31, 2018, 20, 251, 109, 10, 35.7),
(32, 2009, 13, 273, 437, 9, 67.5),
(33, 2021, 10, 432, 488, 9, 34.9),
(34, 2009, 6, 285, 117, 12, 66.0),
(35, 2006, 16, 366, 213, 19, 20.8),
(36, 2000, 18, 396, 358, 17, 22.1),
(37, 2022, 8, 512, 118, 11, 19.5),
(38, 2004, 13, 496, 189, 12, 26.4),
(39, 2000, 20, 485, 370, 15, 65.0),
(40, 2008, 18, 353, 485, 5, 11.6),
(41, 2016, 19, 244, 137, 9, 25.4),
(43, 2018, 14, 286, 232, 8, 51.5),
(44, 2018, 10, 581, 260, 13, 16.4),
(45, 2005, 12, 268, 199, 11, 55.5),
(46, 2003, 16, 227, 353, 7, 67.4),
(47, 2002, 10, 251, 148, 11, 56.4),
(48, 2011, 8, 278, 242, 15, 53.8),
(49, 2012, 20, 341, 399, 6, 30.0),
(50, 2010, 20, 482, 132, 6, 37.5),
(51, 2008, 18, 259, 276, 9, 50.0),
(52, 2008, 16, 393, 156, 10, 28.4),
(53, 2002, 17, 326, 285, 8, 18.7),
(54, 2006, 17, 520, 119, 13, 55.9),
(55, 2001, 6, 312, 258, 6, 38.2),
(56, 2003, 6, 396, 180, 19, 37.6),
(58, 2017, 7, 504, 345, 6, 31.6),
(59, 2006, 13, 335, 437, 16, 18.1),
(60, 2018, 13, 597, 327, 11, 17.6),
(61, 2021, 14, 356, 297, 9, 67.4),
(62, 2013, 12, 462, 459, 5, 45.2),
(63, 2021, 11, 302, 108, 14, 26.4),
(64, 2013, 10, 485, 396, 14, 16.6),
(65, 2021, 13, 575, 301, 14, 42.0),
(66, 2021, 5, 582, 417, 6, 41.6),
(67, 2005, 13, 425, 363, 18, 37.8),
(68, 2008, 9, 555, 418, 5, 41.4),
(69, 2009, 12, 211, 420, 8, 53.0),
(70, 2010, 15, 547, 406, 11, 14.3),
(71, 2017, 7, 205, 130, 7, 68.1),
(72, 2009, 16, 581, 389, 12, 19.3),
(73, 2001, 8, 506, 141, 16, 61.4),
(74, 2005, 5, 468, 103, 20, 24.9),
(75, 2022, 20, 538, 191, 12, 29.3),
(76, 2017, 10, 456, 237, 12, 46.8),
(77, 2022, 9, 503, 400, 8, 38.9),
(78, 2018, 6, 471, 481, 9, 48.3),
(79, 2017, 11, 311, 375, 11, 55.0),
(80, 2006, 10, 503, 221, 19, 45.4),
(81, 2019, 12, 319, 436, 7, 64.5),
(82, 2002, 8, 245, 342, 11, 44.3),
(83, 2018, 20, 403, 312, 7, 26.7),
(84, 2005, 15, 203, 498, 20, 20.0),
(85, 2006, 16, 415, 261, 14, 63.7),
(86, 2019, 9, 349, 405, 18, 18.9),
(87, 2021, 15, 534, 239, 8, 45.4),
(88, 2000, 15, 244, 456, 20, 31.0),
(89, 2015, 8, 527, 245, 9, 68.3),
(91, 2012, 17, 592, 255, 17, 35.7),
(92, 2008, 9, 362, 200, 10, 45.3),
(93, 2023, 17, 254, 128, 16, 68.5),
(95, 2011, 13, 514, 190, 15, 51.6),
(96, 2023, 19, 483, 338, 13, 69.9),
(97, 2001, 12, 461, 336, 10, 68.9),
(98, 2017, 20, 549, 363, 10, 12.6),
(99, 2017, 20, 493, 469, 17, 26.0),
(100, 2013, 19, 463, 332, 10, 11.4),
(101, 2003, 15, 297, 139, 7, 62.4),
(102, 2005, 5, 311, 124, 18, 58.9),
(103, 2019, 16, 396, 194, 9, 47.1),
(104, 2012, 12, 595, 351, 11, 12.4),
(105, 2002, 5, 279, 242, 13, 52.1),
(106, 2005, 10, 501, 467, 11, 19.5),
(107, 2006, 18, 373, 388, 14, 24.6),
(108, 2019, 5, 434, 190, 18, 13.7),
(109, 2016, 5, 460, 409, 6, 51.1),
(110, 2005, 9, 289, 135, 17, 46.6),
(111, 2020, 9, 397, 177, 5, 18.6),
(112, 2008, 18, 405, 405, 7, 23.7),
(113, 2018, 15, 245, 178, 12, 53.3),
(114, 2020, 8, 588, 208, 20, 33.3),
(115, 2014, 19, 213, 393, 13, 40.2),
(116, 2004, 8, 274, 422, 15, 19.2),
(117, 2003, 9, 219, 171, 18, 51.6),
(118, 2003, 9, 535, 323, 7, 67.9),
(119, 2015, 6, 406, 257, 19, 13.5),
(120, 2015, 14, 579, 352, 7, 34.0),
(121, 2022, 8, 337, 211, 5, 60.3),
(122, 2023, 17, 281, 345, 17, 23.3),
(124, 2007, 13, 249, 413, 19, 31.0),
(126, 2007, 18, 415, 424, 7, 32.4),
(127, 2018, 10, 355, 221, 19, 14.1),
(128, 2002, 12, 522, 477, 10, 10.2),
(129, 2006, 9, 511, 290, 20, 36.9),
(130, 2022, 20, 246, 191, 6, 10.7),
(131, 2011, 18, 578, 363, 9, 66.1),
(132, 2022, 16, 538, 318, 7, 24.1),
(133, 2017, 18, 333, 306, 6, 63.8),
(134, 2019, 17, 369, 233, 7, 36.4),
(135, 2019, 16, 316, 155, 16, 51.4),
(136, 2003, 5, 342, 447, 13, 49.0),
(137, 2000, 13, 329, 166, 13, 11.6),
(138, 2023, 11, 326, 264, 6, 66.6),
(139, 2012, 12, 405, 497, 12, 18.1),
(140, 2005, 17, 542, 447, 15, 43.3),
(141, 2003, 20, 279, 302, 16, 49.6),
(143, 2009, 11, 459, 189, 7, 36.4),
(144, 2019, 15, 354, 244, 10, 43.2),
(145, 2002, 16, 415, 271, 19, 19.5),
(146, 2020, 7, 570, 270, 5, 55.9),
(147, 2010, 12, 492, 227, 6, 17.5),
(148, 2019, 18, 502, 119, 6, 55.1),
(149, 2021, 15, 373, 289, 7, 69.2),
(150, 2020, 16, 313, 272, 17, 16.5),
(151, 2014, 15, 348, 231, 11, 59.3),
(152, 2023, 11, 584, 377, 7, 37.4),
(153, 2022, 13, 581, 452, 10, 29.4),
(154, 2002, 18, 219, 393, 8, 69.4),
(1, 2013, 14, 355, 212, 9, 27.2),
(2, 2005, 14, 382, 173, 7, 23.3),
(4, 2008, 16, 325, 233, 16, 57.1),
(5, 2010, 15, 568, 161, 12, 22.5),
(6, 2008, 14, 542, 419, 13, 54.3),
(7, 2021, 19, 523, 345, 10, 22.7),
(8, 2003, 15, 338, 115, 7, 20.3),
(9, 2001, 13, 560, 179, 11, 36.9),
(10, 2003, 9, 545, 217, 13, 22.4),
(11, 2017, 15, 566, 307, 12, 15.7),
(12, 2021, 13, 480, 215, 13, 46.8),
(13, 2003, 18, 540, 157, 7, 44.4),
(14, 2009, 18, 526, 374, 17, 67.6),
(15, 2000, 7, 583, 255, 18, 12.9),
(16, 2014, 12, 514, 111, 16, 16.5),
(17, 2020, 17, 381, 238, 14, 58.4),
(20, 2009, 14, 289, 294, 5, 46.6),
(21, 2020, 5, 393, 478, 20, 10.0),
(22, 2004, 14, 257, 212, 19, 25.9),
(23, 2018, 19, 432, 496, 10, 47.6),
(24, 2001, 19, 595, 442, 19, 33.0),
(25, 2000, 17, 478, 308, 5, 26.5),
(27, 2006, 9, 441, 136, 12, 32.9),
(28, 2013, 14, 389, 412, 17, 53.1),
(29, 2014, 20, 331, 421, 8, 53.4),
(30, 2022, 15, 248, 411, 9, 45.5),
(31, 2011, 17, 206, 416, 15, 63.5),
(32, 2007, 18, 212, 309, 13, 65.7),
(34, 2013, 20, 201, 324, 17, 18.6),
(37, 2020, 19, 341, 404, 16, 35.2),
(38, 2020, 20, 368, 493, 8, 47.2),
(40, 2003, 12, 562, 426, 17, 37.1),
(41, 2003, 13, 303, 361, 7, 40.2),
(42, 2010, 9, 516, 282, 6, 67.4),
(43, 2011, 13, 317, 433, 8, 23.0),
(44, 2007, 8, 298, 373, 5, 67.2),
(45, 2009, 9, 507, 242, 20, 17.0),
(47, 2008, 14, 325, 356, 15, 48.1),
(48, 2008, 16, 592, 313, 19, 18.8),
(49, 2005, 13, 325, 439, 5, 68.8),
(50, 2003, 5, 489, 297, 16, 34.1),
(51, 2021, 19, 376, 291, 20, 31.9),
(52, 2020, 14, 306, 269, 6, 34.2),
(53, 2001, 15, 517, 203, 6, 32.1),
(54, 2005, 17, 599, 141, 6, 67.5),
(56, 2004, 12, 382, 282, 5, 18.0),
(57, 2004, 17, 584, 146, 15, 38.5),
(58, 2014, 12, 354, 437, 11, 35.7),
(59, 2008, 6, 367, 412, 7, 35.2),
(60, 2020, 15, 235, 418, 6, 37.2),
(61, 2017, 20, 520, 455, 6, 58.8),
(62, 2003, 18, 435, 244, 12, 29.6),
(63, 2003, 6, 458, 410, 8, 57.6),
(64, 2020, 5, 531, 163, 10, 30.9),
(65, 2023, 7, 257, 231, 5, 29.9),
(68, 2009, 14, 411, 153, 5, 18.1),
(69, 2013, 6, 561, 316, 20, 11.3),
(70, 2016, 20, 239, 237, 8, 22.3),
(71, 2022, 16, 454, 348, 8, 52.2),
(72, 2004, 14, 589, 230, 14, 59.8),
(74, 2002, 16, 529, 160, 14, 59.7),
(75, 2014, 5, 551, 143, 15, 61.0),
(76, 2006, 16, 244, 488, 16, 14.3),
(77, 2020, 14, 488, 164, 7, 25.0),
(78, 2019, 17, 478, 188, 10, 48.4),
(79, 2008, 6, 447, 184, 7, 16.7),
(80, 2019, 13, 440, 201, 6, 38.8),
(81, 2021, 19, 375, 429, 19, 52.0),
(82, 2020, 16, 252, 208, 17, 41.7),
(83, 2006, 9, 574, 239, 6, 49.6),
(84, 2022, 6, 308, 431, 7, 47.7),
(85, 2017, 17, 333, 257, 20, 17.8),
(86, 2016, 13, 224, 367, 5, 42.9),
(88, 2007, 11, 537, 212, 11, 35.5),
(89, 2010, 15, 519, 426, 14, 20.2),
(90, 2002, 11, 368, 194, 16, 45.7),
(91, 2011, 7, 321, 122, 18, 32.3),
(92, 2011, 11, 230, 307, 14, 50.1),
(93, 2018, 6, 260, 206, 8, 30.6),
(94, 2001, 9, 421, 340, 6, 54.3),
(95, 2012, 12, 488, 313, 11, 24.8),
(96, 2015, 9, 260, 476, 16, 35.7),
(97, 2013, 13, 375, 480, 18, 17.4),
(98, 2022, 16, 462, 208, 9, 68.2),
(99, 2006, 17, 433, 464, 9, 50.4),
(101, 2020, 9, 373, 291, 11, 29.2),
(102, 2004, 7, 224, 401, 18, 49.8),
(103, 2014, 20, 500, 243, 6, 51.9),
(104, 2001, 14, 252, 500, 17, 18.7),
(105, 2023, 7, 244, 252, 9, 28.9),
(106, 2010, 6, 302, 436, 13, 47.8),
(107, 2018, 7, 218, 203, 20, 32.3),
(108, 2014, 10, 321, 155, 13, 27.5),
(109, 2018, 13, 491, 222, 11, 65.6),
(110, 2009, 13, 228, 157, 14, 25.1),
(111, 2014, 18, 523, 262, 8, 67.3),
(112, 2010, 12, 413, 290, 19, 42.1),
(113, 2002, 12, 408, 412, 7, 47.7),
(115, 2016, 8, 383, 300, 17, 13.1),
(116, 2002, 10, 442, 235, 6, 39.1),
(117, 2006, 10, 230, 458, 14, 51.6),
(119, 2020, 8, 405, 268, 9, 33.4),
(120, 2007, 9, 297, 337, 8, 53.7),
(121, 2016, 10, 220, 185, 7, 12.0),
(122, 2012, 6, 564, 273, 14, 59.3),
(123, 2001, 14, 295, 136, 18, 10.4),
(124, 2009, 6, 519, 133, 12, 54.3),
(125, 2010, 9, 396, 263, 12, 67.5),
(126, 2015, 19, 236, 255, 12, 17.5),
(127, 2022, 18, 339, 232, 8, 33.4),
(129, 2022, 9, 546, 295, 20, 26.7),
(130, 2007, 11, 349, 343, 6, 11.4),
(131, 2004, 9, 551, 421, 8, 37.6),
(132, 2007, 10, 384, 250, 19, 51.2),
(133, 2006, 14, 259, 302, 10, 33.3),
(134, 2001, 11, 224, 179, 12, 43.8),
(135, 2018, 14, 441, 207, 17, 66.6),
(136, 2014, 5, 387, 320, 14, 61.3),
(137, 2023, 7, 314, 276, 6, 50.7),
(138, 2019, 13, 561, 164, 11, 51.1),
(139, 2002, 20, 501, 178, 12, 63.2),
(140, 2019, 15, 465, 204, 10, 28.9),
(141, 2020, 18, 435, 354, 15, 10.8),
(142, 2012, 12, 369, 492, 20, 70.0),
(143, 2004, 5, 310, 229, 18, 59.1),
(144, 2009, 20, 264, 114, 9, 42.0),
(146, 2013, 20, 403, 316, 16, 21.4),
(147, 2023, 10, 567, 457, 13, 46.3),
(148, 2001, 15, 470, 486, 10, 46.8),
(149, 2020, 13, 582, 422, 18, 25.6),
(150, 2014, 5, 259, 416, 8, 54.5),
(151, 2020, 11, 501, 272, 5, 20.4),
(153, 2012, 9, 528, 370, 10, 30.0),
(154, 2011, 17, 352, 183, 17, 33.1),
(1, 2003, 19, 304, 443, 15, 51.2),
(2, 2023, 14, 490, 179, 12, 46.0),
(3, 2016, 10, 208, 217, 10, 23.7),
(4, 2014, 12, 302, 110, 17, 32.5),
(5, 2015, 7, 226, 220, 15, 45.2),
(6, 2014, 15, 408, 390, 9, 35.9),
(7, 2005, 10, 304, 108, 18, 51.3),
(8, 2022, 6, 542, 149, 9, 34.2),
(9, 2016, 7, 206, 415, 10, 64.5),
(10, 2018, 5, 262, 500, 7, 42.7),
(12, 2022, 14, 490, 235, 20, 41.4),
(13, 2019, 8, 418, 270, 13, 25.4),
(14, 2023, 17, 440, 170, 16, 45.5),
(15, 2008, 6, 518, 246, 13, 13.9),
(16, 2002, 6, 319, 235, 11, 20.8),
(17, 2017, 9, 584, 142, 9, 22.0),
(18, 2023, 11, 243, 319, 18, 56.6),
(19, 2017, 16, 220, 160, 14, 53.5),
(20, 2011, 6, 204, 214, 17, 69.3),
(21, 2007, 6, 501, 131, 14, 28.7),
(22, 2002, 13, 221, 115, 13, 44.2),
(23, 2010, 8, 239, 444, 13, 37.3),
(24, 2005, 14, 441, 188, 13, 50.7),
(25, 2014, 19, 317, 485, 9, 15.7),
(26, 2009, 7, 264, 414, 18, 67.7),
(27, 2014, 15, 549, 341, 20, 67.7),
(28, 2001, 12, 262, 336, 14, 19.5),
(30, 2002, 16, 326, 432, 10, 63.1),
(31, 2006, 16, 600, 330, 20, 48.3),
(33, 2017, 7, 368, 425, 19, 18.7),
(34, 2018, 8, 261, 278, 19, 46.3),
(35, 2020, 5, 263, 209, 14, 56.4),
(36, 2009, 8, 399, 137, 20, 43.9),
(38, 2015, 14, 493, 148, 9, 45.3),
(40, 2020, 9, 221, 178, 15, 41.4),
(41, 2018, 10, 526, 218, 15, 28.1),
(44, 2006, 16, 231, 339, 5, 13.2),
(45, 2001, 11, 246, 229, 11, 22.7),
(46, 2015, 15, 275, 485, 11, 23.6),
(47, 2021, 9, 472, 106, 16, 64.2),
(48, 2022, 9, 212, 158, 12, 44.4),
(49, 2002, 11, 214, 200, 15, 55.9),
(50, 2015, 15, 319, 319, 13, 60.8),
(51, 2010, 5, 499, 311, 15, 65.7),
(53, 2011, 9, 536, 236, 9, 61.4),
(54, 2002, 19, 490, 204, 7, 63.6),
(55, 2019, 16, 565, 345, 20, 11.0),
(56, 2015, 8, 511, 450, 9, 18.6),
(58, 2010, 10, 235, 323, 16, 11.8),
(59, 2011, 13, 393, 138, 20, 16.8),
(60, 2004, 7, 336, 366, 5, 53.2),
(61, 2003, 5, 368, 472, 15, 28.3),
(62, 2022, 7, 513, 380, 12, 43.4),
(63, 2014, 19, 550, 173, 15, 17.1),
(65, 2001, 9, 297, 178, 16, 29.1),
(66, 2010, 7, 290, 207, 19, 53.4),
(67, 2007, 17, 225, 280, 13, 28.2),
(68, 2022, 16, 412, 192, 18, 17.2),
(69, 2000, 7, 327, 498, 16, 62.9),
(70, 2015, 18, 293, 366, 18, 40.9),
(71, 2023, 16, 262, 168, 6, 58.0),
(72, 2013, 15, 543, 116, 19, 42.4),
(73, 2018, 7, 347, 263, 6, 12.3),
(75, 2008, 14, 429, 120, 12, 56.1),
(76, 2016, 6, 492, 232, 15, 58.5),
(77, 2016, 12, 249, 311, 12, 65.2),
(78, 2022, 20, 411, 248, 11, 10.9),
(79, 2004, 13, 211, 312, 20, 25.9),
(81, 2005, 7, 208, 194, 18, 59.9),
(82, 2009, 17, 461, 382, 6, 33.6),
(83, 2000, 13, 306, 362, 19, 56.8),
(85, 2008, 12, 208, 380, 14, 49.9),
(86, 2023, 10, 391, 347, 5, 63.7),
(87, 2014, 7, 464, 467, 17, 69.3),
(88, 2016, 19, 597, 193, 20, 16.9),
(89, 2009, 6, 482, 206, 15, 15.0),
(90, 2015, 20, 520, 233, 11, 58.0),
(93, 2011, 12, 395, 481, 6, 55.3),
(94, 2019, 12, 542, 339, 12, 59.9),
(95, 2004, 13, 416, 149, 14, 48.9),
(96, 2013, 8, 334, 406, 16, 28.3),
(97, 2018, 14, 450, 340, 10, 11.0),
(98, 2000, 14, 405, 191, 6, 11.2),
(99, 2007, 9, 398, 362, 9, 30.5),
(101, 2005, 14, 382, 400, 14, 58.5),
(102, 2001, 14, 589, 354, 15, 36.9),
(103, 2021, 20, 272, 111, 17, 39.2),
(104, 2000, 8, 329, 277, 20, 42.5),
(105, 2008, 9, 533, 358, 12, 56.3),
(106, 2001, 7, 464, 439, 18, 57.9),
(107, 2011, 6, 386, 496, 6, 61.3),
(108, 2017, 20, 421, 422, 9, 14.6),
(109, 2015, 13, 251, 322, 16, 23.7),
(110, 2008, 10, 564, 130, 15, 45.0),
(112, 2015, 16, 571, 162, 10, 69.7),
(113, 2022, 7, 465, 254, 7, 61.7),
(114, 2013, 16, 474, 453, 16, 15.6),
(115, 2003, 19, 437, 184, 13, 52.2),
(116, 2014, 11, 474, 451, 18, 28.4),
(117, 2005, 6, 591, 462, 18, 54.4),
(118, 2012, 16, 576, 122, 8, 26.8),
(119, 2006, 16, 211, 471, 17, 68.9),
(120, 2016, 14, 265, 261, 14, 50.7),
(123, 2002, 6, 210, 319, 15, 66.9),
(124, 2018, 12, 226, 442, 11, 28.8),
(125, 2018, 17, 363, 316, 7, 22.3),
(126, 2018, 17, 594, 182, 9, 18.1),
(127, 2008, 10, 406, 346, 16, 27.9),
(128, 2013, 10, 253, 293, 9, 57.1),
(129, 2000, 7, 440, 132, 12, 65.8),
(130, 2021, 14, 316, 495, 8, 50.9),
(132, 2016, 16, 298, 457, 16, 23.8),
(133, 2011, 7, 322, 230, 9, 68.3),
(135, 2011, 12, 265, 178, 15, 26.6),
(136, 2020, 15, 565, 287, 16, 57.5),
(137, 2009, 5, 388, 334, 20, 59.6),
(138, 2004, 7, 462, 442, 12, 30.0),
(139, 2013, 20, 513, 243, 5, 26.5),
(140, 2016, 12, 557, 154, 13, 46.7),
(141, 2010, 5, 503, 447, 17, 11.8),
(142, 2019, 10, 248, 356, 10, 17.8),
(143, 2020, 8, 358, 307, 15, 63.7),
(145, 2021, 10, 321, 365, 14, 13.9),
(146, 2002, 17, 490, 220, 14, 24.3),
(147, 2009, 9, 446, 420, 15, 26.8),
(149, 2022, 8, 308, 138, 8, 16.2),
(150, 2022, 13, 302, 421, 8, 57.6),
(151, 2013, 9, 330, 460, 7, 10.1),
(152, 2022, 11, 329, 374, 17, 44.2),
(153, 2006, 12, 200, 101, 18, 10.3),
(154, 2019, 5, 348, 491, 7, 48.5),
(11, 2021, 12, 425, 175, 14, 27.9),
(15, 2012, 10, 528, 109, 10, 45.0),
(17, 2001, 13, 279, 314, 11, 36.0),
(18, 2003, 14, 233, 283, 13, 43.1),
(26, 2019, 8, 544, 259, 13, 41.3),
(27, 2013, 19, 301, 261, 12, 28.7),
(29, 2009, 9, 531, 369, 19, 53.9),
(32, 2002, 7, 528, 245, 19, 45.9),
(33, 2015, 18, 494, 415, 17, 59.7),
(35, 2019, 20, 564, 307, 6, 30.2),
(36, 2007, 7, 401, 330, 13, 61.6),
(37, 2015, 11, 477, 397, 6, 28.1),
(39, 2010, 8, 491, 144, 16, 35.4),
(42, 2012, 5, 276, 489, 16, 24.7),
(43, 2004, 11, 595, 241, 6, 62.2),
(46, 2017, 15, 438, 194, 5, 24.2),
(52, 2017, 20, 367, 418, 20, 61.5),
(55, 2010, 20, 247, 462, 13, 69.0),
(57, 2020, 12, 600, 290, 20, 27.7),
(64, 2014, 10, 213, 333, 14, 29.2),
(66, 2014, 7, 507, 176, 13, 32.9),
(67, 2008, 18, 597, 383, 14, 21.7),
(73, 2013, 16, 405, 221, 9, 25.4),
(74, 2013, 6, 455, 108, 5, 66.4),
(80, 2011, 5, 267, 370, 20, 47.1),
(84, 2011, 20, 380, 330, 9, 58.8),
(87, 2005, 9, 568, 289, 10, 27.6),
(90, 2006, 17, 509, 174, 13, 59.2),
(91, 2006, 5, 315, 464, 19, 39.2),
(92, 2009, 7, 378, 182, 20, 35.2),
(94, 2008, 11, 415, 305, 13, 56.0),
(100, 2006, 7, 536, 500, 5, 53.6),
(111, 2015, 11, 336, 188, 13, 58.5),
(114, 2022, 6, 486, 343, 13, 39.8),
(118, 2006, 7, 575, 150, 6, 68.8),
(121, 2000, 7, 401, 290, 9, 41.8),
(122, 2019, 17, 591, 201, 14, 28.2),
(123, 2017, 13, 552, 200, 19, 17.8),
(125, 2006, 16, 507, 139, 14, 26.3),
(128, 2011, 14, 219, 336, 17, 38.3),
(131, 2013, 11, 277, 407, 16, 26.9),
(134, 2003, 6, 275, 463, 16, 20.3),
(142, 2009, 9, 238, 451, 13, 60.5),
(144, 2014, 15, 444, 149, 5, 69.4),
(145, 2017, 7, 391, 148, 5, 28.4),
(147, 2020, 20, 311, 400, 15, 66.1),
(151, 2003, 7, 543, 176, 15, 64.6),
(152, 2020, 7, 292, 130, 5, 67.2),
(3, 2000, 6, 460, 391, 6, 12.1),
(13, 2006, 11, 439, 139, 9, 21.7),
(19, 2013, 7, 384, 154, 11, 65.4),
(29, 2008, 6, 231, 227, 15, 40.8),
(39, 2004, 17, 280, 241, 14, 53.4),
(42, 2004, 14, 202, 216, 19, 35.4),
(55, 2017, 8, 361, 123, 5, 45.6),
(57, 2003, 17, 547, 196, 17, 57.0),
(100, 2016, 11, 528, 150, 10, 21.6),
(120, 2012, 20, 394, 360, 6, 49.8),
(148, 2006, 20, 546, 167, 7, 12.8),
(126, 2009, 9, 401, 190, 5, 54.7);

CREATE TABLE BattingStats (
    batting_id INT PRIMARY KEY,
    player_id INT,
    t20_runs INT,
    odi_runs INT,
    test_runs INT,
    FOREIGN KEY (player_id) REFERENCES Players(player_id)
);

INSERT INTO BattingStats (batting_id, player_id, t20_runs, odi_runs, test_runs)
VALUES
    (1, 1, 1500, 18000, 15000), 
    (2, 2, 500, 4000, 7000), 
    (3, 3, 2000, 11000, 12000), 
    (4, 4, 300, 2000, 1000), 
    (5, 5, 2500, 11500, 13000), 
    (6, 6, 1800, 13700, 13000), 
    (7, 7, 600, 3800, 3700), 
    (8, 8, 100, 300, 500), 
    (9, 9, 200, 1000, 700), 
    (10, 10, 3000, 12000, 7500), 
    (11, 11, 500, 10100, 10100), 
    (12, 12, 900, 11000, 11000), 
    (13, 13, 700, 3000, 4000), 
    (14, 14, 1800, 6000, 3000), 
    (15, 15, 2200, 8000, 6000), 
    (16, 16, 1700, 12000, 11000), 
    (17, 17, 1500, 9600, 5500), 
    (18, 18, 1000, 6000, 8500), 
    (19, 19, 100, 500, 700), 
    (20, 20, 1200, 8000, 4000), 
    (21, 21, 800, 11000, 9000), 
    (22, 22, 1500, 11000, 7000), 
    (23, 23, 1900, 13000, 13000), 
    (24, 24, 800, 5000, 5500), 
    (25, 25, 100, 200, 500), 
    (26, 26, 300, 3500, 4000), 
    (27, 27, 700, 7500, 8000), 
    (28, 28, 1600, 8500, 9000), 
    (29, 29, 2200, 10500, 5000), 
    (30, 30, 800, 5200, 5200), 
    (31, 31, 1800, 13400, 6500), 
    (32, 32, 2300, 13704, 13378), 
    (33, 33, 2500, 8000, 8500), 
    (34, 34, 1500, 8500, 8000), 
    (35, 35, 100, 600, 500), 
    (36, 36, 1800, 8000, 8000), 
    (37, 37, 2100, 6000, 2500), 
    (38, 38, 2800, 9000, 7000), 
    (39, 39, 2600, 8000, 6000), 
    (40, 40, 1900, 6500, 4000), 
    (41, 41, 2200, 7500, 8500), 
    (42, 42, 2000, 5500, 4500), 
    (43, 43, 1800, 5000, 3000), 
    (44, 44, 2400, 7000, 4000), 
    (45, 45, 1400, 3000, 2000), 
    (46, 46, 2000, 8000, 9000), 
    (47, 47, 1900, 7000, 6000), 
    (48, 48, 2200, 6000, 5000), 
    (49, 49, 1700, 8500, 7500), 
    (50, 50, 1800, 6000, 3000), 
    (51, 51, 2400, 6500, 7500), 
    (52, 52, 1500, 6000, 4500), 
    (53, 53, 1900, 6500, 3500), 
    (54, 54, 1400, 3000, 2000), 
    (55, 55, 800, 1000, 500), 
    (56, 56, 2000, 6000, 5500), 
    (57, 57, 1200, 4000, 3500), 
    (58, 58, 1800, 7000, 5000), 
    (59, 59, 1600, 3500, 3000), 
    (60, 60, 1400, 2000, 1500), 
    (61, 61, 1200, 3500, 3000), 
    (62, 62, 1400, 4500, 4000), 
    (63, 63, 1000, 2000, 1500), 
    (64, 64, 2200, 5500, 4500), 
    (65, 65, 800, 1500, 1000), 
    (66, 66, 1200, 2000, 1000), 
    (67, 67, 800, 1500, 500), 
    (68, 68, 1200, 3000, 2500), 
    (69, 69, 800, 1500, 1000), 
    (70, 70, 2000, 5000, 4000), 
    (71, 71, 1000, 2000, 1500), 
    (72, 72, 1500, 3000, 2000), 
    (73, 73, 1900, 7000, 6000), 
    (74, 74, 900, 3000, 2500), 
    (75, 75, 1000, 2000, 1500), 
    (76, 76, 1800, 3000, 2500), 
    (77, 77, 1600, 4000, 3500), 
    (78, 78, 2000, 6000, 5500), 
    (79, 79, 1200, 4000, 3500), 
    (80, 80, 1800, 7000, 5000), 
    (81, 81, 1400, 2000, 1500), 
    (82, 82, 1900, 6500, 4000), 
    (83, 83, 800, 1000, 500), 
    (84, 84, 2000, 6000, 5500), 
    (85, 85, 1200, 4000, 3500), 
    (86, 86, 1800, 7000, 5000), 
    (87, 87, 1600, 3500, 3000), 
    (88, 88, 1400, 2000, 1500), 
    (89, 89, 1000, 2000, 1500), 
    (90, 90, 1200, 3500, 3000), 
    (91, 91, 1400, 4500, 4000), 
    (92, 92, 1000, 1500, 1000), 
    (93, 93, 2200, 5500, 4500), 
    (94, 94, 800, 1500, 1000), 
    (95, 95, 1200, 2000, 1000), 
    (96, 96, 800, 1500, 500), 
    (97, 97, 1200, 3000, 2500), 
    (98, 98, 1000, 1500, 1000), 
    (99, 99, 2000, 5000, 4000), 
    (100, 100, 1000, 2000, 2500), 
    (101, 101, 1500, 2500, 2000), 
    (102, 102, 1200, 2000, 1500), 
    (103, 103, 2200, 7000, 6000), 
    (104, 104, 1600, 4000, 3500), 
    (105, 105, 900, 3000, 2500), 
    (106, 106, 1000, 2000, 1500), 
    (107, 107, 1800, 3000, 2500), 
    (108, 108, 800, 1500, 1000), 
    (109, 109, 1200, 2000, 1500), 
    (110, 110, 600, 500, 300), 
    (111, 111, 500, 800, 700), 
    (112, 112, 900, 1500, 1000), 
    (113, 113, 1000, 3000, 2000), 
    (114, 114, 700, 2000, 1500), 
    (115, 115, 800, 2500, 2000), 
    (116, 116, 500, 1000, 1500), 
    (117, 117, 1200, 2000, 1500), 
    (118, 118, 600, 800, 700), 
    (119, 119, 600, 800, 700), 
    (120, 120, 500, 700, 600), 
    (121, 121, 800, 1000, 700), 
    (122, 122, 600, 800, 500), 
    (123, 123, 500, 1000, 800), 
    (124, 124, 600, 800, 500), 
    (125, 125, 700, 1000, 800), 
    (126, 126, 600, 800, 500), 
    (127, 127, 500, 700, 600), 
    (128, 128, 600, 800, 700), 
    (129, 129, 500, 700, 600), 
    (130, 130, 600, 800, 700), 
    (131, 131, 500, 700, 600), 
    (132, 132, 600, 800, 700), 
    (133, 133, 500, 700, 600), 
    (134, 134, 600, 800, 700), 
    (135, 135, 500, 700, 600), 
    (136, 136, 600, 800, 700), 
    (137, 137, 500, 700, 600), 
    (138, 138, 600, 800, 700), 
    (139, 139, 500, 700, 600), 
    (140, 140, 600, 800, 700), 
    (141, 141, 500, 700, 600), 
    (142, 142, 600, 800, 700), 
    (143, 143, 500, 700, 600), 
    (144, 144, 600, 800, 700), 
    (145, 145, 500, 700, 600), 
    (146, 146, 600, 800, 700), 
    (147, 147, 500, 700, 600), 
    (148, 148, 600, 800, 700), 
    (149, 149, 500, 700, 600), 
    (150, 150, 600, 800, 700), 
    (151, 151, 500, 700, 600), 
    (152, 152, 600, 800, 700), 
    (153, 153, 500, 700, 600), 
    (154, 154, 600, 800, 700);


CREATE TABLE PlayerStatistics (
    player_id INT,
    batting_average DECIMAL(5, 2),
    bowling_economy DECIMAL(5, 2),
    FOREIGN KEY (player_id) REFERENCES Players(player_id)
);

INSERT INTO PlayerStatistics (player_id, batting_average, bowling_economy)
VALUES
    (1, 44.83, 5.10),
    (2, 99.94, 2.63),
    (3, 52.88, 3.38),
    (4, NULL, 3.89),
    (5, 55.37, 4.02),
    (6, 51.85, NULL),
    (7, 37.69, 3.89),
    (8, 6.85, 3.93),
    (9, 17.32, 3.36),
    (10, 59.34, 6.81),
    (11, 51.12, 0.00),
    (12, 50.56, 0.00),
    (13, 29.64, 3.71),
    (14, 54.17, 4.83),
    (15, 47.49, 4.33),
    (16, 33.37, 4.04),
    (17, 47.60, NULL),
    (18, 47.00, 4.33),
    (19, 17.77, 3.74),
    (20, 39.21, 5.45),
    (21, 39.52, 7.77),
    (22, 41.02, 5.47),
    (23, 39.16, 5.21),
    (24, 45.36, 0.00),
    (25, 23.92, 3.18),
    (26, 27.05, 4.67),
    (27, 52.57, 7.34),
    (28, 49.48, 6.89),
    (29, 50.57, 5.55),
    (30, 33.54, 4.12),
    (31, 32.36, 4.78),
    (32, 51.85, 0.00),
    (33, 44.83, 5.10),
    (34, 39.52, 7.77),
    (35, 35.05, 4.84),
    (36, 39.35, 0.00),
    (37, 20.52, 3.28),
    (38, NULL, 0.00),
    (39, 47.49, 4.33),
    (40, 42.60, 0.00),
    (41, 49.27, 7.75),
    (42, 45.43, NULL),
    (43, 33.52, 4.92),
    (44, 49.25, 0.00),
    (45, 47.49, 4.33),
    (46, 42.00, 0.00),
    (47, 47.49, 4.33),
    (48, 49.27, 7.75),
    (49, 49.27, 7.75),
    (50, 41.53, 0.00),
    (51, 42.00, 0.00),
    (52, 59.34, 6.81),
    (53, 45.43, NULL),
    (54, 42.60, 0.00),
    (55, 49.25, 0.00),
    (56, 45.43, NULL),
    (57, 49.27, 7.75),
    (58, 49.25, 0.00),
    (59, 47.49, 4.33),
    (60, 42.60, 0.00),
    (61, 38.20, 2.54),
    (62, 33.52, 4.92),
    (63, 47.49, 4.33),
    (64, 39.35, 0.00),
    (65, 49.27, 7.75),
    (66, 45.43, NULL),
    (67, 49.25, 0.00),
    (68, 42.00, 0.00),
    (69, 42.60, 0.00),
    (70, 41.53, 0.00),
    (71, 40.56, 0.00),
    (72, 42.67, 0.00),
    (73, 49.71, 0.00),
    (74, 43.30, 0.00),
    (75, 46.61, 0.00),
    (76, 55.50, 0.00),
    (77, 48.04, 0.00),
    (78, 40.88, 0.00),
    (79, 61.37, 0.00),
    (80, 41.37, 0.00),
    (81, 32.90, 0.00),
    (82, 45.62, 0.00),
    (83, 19.85, 0.00),
    (84, 42.03, 0.00),
    (85, 33.56, 0.00),
    (86, 32.75, 0.00),
    (87, 25.75, 0.00),
    (88, 50.57, 5.55),
    (89, 29.92, 5.53),
    (90, 33.17, 0.00),
    (91, 35.70, 0.00),
    (92, 23.72, 0.00),
    (93, 34.78, 5.47),
    (94, 27.30, 4.64),
    (95, 9.00, 3.02),
    (96, 17.14, 4.97),
    (97, 20.10, 0.00),
    (98, 17.15, 0.00),
    (99, 52.63, 0.00),
    (100, 25.13, 5.57),
    (101, 25.46, 5.64),
    (102, 30.07, 0.00),
    (103, 39.68, 0.00),
    (104, 29.61, 0.00),
    (105, 15.36, 0.00),
    (106, 42.46, 5.11),
    (107, 21.37, 0.00),
    (108, 40.88, 0.00),
    (109, 35.15, 0.00),
    (110, 5.76, 4.75),
    (111, 26.40, 0.00),
    (112, 38.08, 5.64),
    (113, 21.12, 5.21),
    (114, 21.01, 4.77),
    (115, 22.29, 0.00),
    (116, 11.84, 4.83),
    (117, 33.13, 0.00),
    (118, 25.75, 0.00),
    (119, 36.61, 0.00),
    (120, 28.66, 0.00),
    (121, 41.68, 0.00),
    (122, 37.76, 0.00),
    (123, 34.78, 5.47),
    (124, 47.05, 0.00),
    (125, 20.10, 0.00),
    (126, 33.52, 4.92),
    (127, 29.92, 5.53),
    (128, 26.83, 5.15),
    (129, 35.33, 4.88),
    (130, 9.00, 3.02),
    (131, 9.19, 4.88),
    (132, 10.75, 4.92),
    (133, 9.80, 4.78),
    (134, 8.56, 4.76),
    (135, 9.05, 4.72),
    (136, 7.41, 4.89),
    (137, 9.32, 4.61),
    (138, 10.34, 4.83),
    (139, 8.19, 4.90),
    (140, 8.61, 4.84),
    (141, 7.38, 5.12),
    (142, 9.69, 5.59),
    (143, 8.10, 5.46),
    (144, 9.56, 5.48),
    (145, 9.07, 5.47),
    (146, 10.32, 5.63),
    (147, 7.97, 5.27),
    (148, 10.80, 5.47),
    (149, 7.09, 5.37),
    (150, 10.40, 5.56),
    (151, 9.19, 4.88),
    (152, 9.00, 3.02),
    (153, 7.41, 4.89),
    (154, 10.75, 4.92);
    
    select * from playerbowlingstats
    select * from playerbattingstats
    select * from battingstats
    select * from playerstatistics